mean_int,sd_int,skew_int,kurt_int,target_area,bbox_width,bbox_length,aspect_ratio,scatter_sd_x,scatter_sd_y,dist_max_to_center,mu_20,mu_02,shape_spread_ratio,shadow_area,shadow_to_target_ratio
0.100635484,0.087297014,4.656116862,35.88499491,3479,127,127,1,29.51238969,26.09322461,14.69771278,1276.04078,1146.286595,1.113195238,836,0.240298936
0.223789589,0.157614233,1.975787789,6.371601614,3289,127,127,1,27.81744414,27.71705786,18.36596381,1261.249573,1196.541601,1.054079166,820,0.249315901
0.081047746,0.080227,5.936046214,53.4484675,3369,127,127,1,27.88809436,28.14640586,11.39776899,1265.754637,1207.352161,1.048372363,971,0.288216088
0.106860591,0.100182822,4.758497682,34.27307188,3444,127,127,1,29.02099783,28.79958542,8.963717751,1283.524987,1264.078687,1.015383773,876,0.254355401
0.100278608,0.100829409,5.239195525,37.85631981,3381,127,127,1,27.85377823,27.7158894,6.393916228,1221.659022,1257.229361,1.029116422,842,0.249038746
0.104878983,0.111279397,5.149539075,34.45324115,3355,127,127,1,26.20833329,27.93361526,10.56936377,1225.233603,1293.197014,1.055469757,853,0.254247392
0.191678634,0.149681811,2.439863838,9.290479403,3386,127,127,1,26.20822329,28.58045095,15.19743575,1186.677559,1244.728147,1.048918586,862,0.254577673
0.110154096,0.101312449,4.634635444,32.51449534,3400,127,127,1,29.10474217,28.6734133,3.754769424,1216.149819,1257.865135,1.034301132,988,0.290588235
0.146105,0.122721394,3.281920352,17.26554121,3385,127,127,1,29.70023226,29.21699477,14.14554495,1268.43231,1262.135121,1.004989315,894,0.264106352
0.187608906,0.143785619,2.354347019,9.148586873,3403,127,127,1,29.0004527,29.59312886,8.785438266,1244.338008,1227.951521,1.013344571,882,0.259183074
0.140409821,0.117125536,3.484837446,19.87166595,3410,127,127,1,29.73438697,29.49996912,18.90625376,1280.875157,1282.051475,1.000918371,964,0.282697947
0.090452187,0.09137312,5.475761582,43.19426503,3403,127,127,1,28.30859405,28.56982672,23.79566448,1240.733903,1209.686411,1.025665736,972,0.285630326
0.098742915,0.094098558,4.967087952,37.64021078,3497,127,127,1,28.50361547,25.39332256,17.8421941,1284.502392,1153.932645,1.113151966,986,0.281955962
0.122303204,0.107886904,4.134251566,26.59576852,3412,127,127,1,28.34626627,28.76042085,13.9371826,1307.627608,1191.265072,1.097679801,891,0.261137163
0.168011116,0.131369343,2.863881127,13.41998314,3374,127,127,1,30.0893074,25.82236291,22.71765986,1326.765671,1086.028791,1.221667126,822,0.243627742
0.223040173,0.161324111,1.945374234,5.9835016,3349,127,127,1,30.4126566,28.49110706,22.34302701,1294.793145,1204.221286,1.075211973,848,0.253209913
0.148547363,0.119022934,3.237837379,17.61468208,3331,127,127,1,29.48214894,27.22541513,20.04544779,1274.105055,1167.569192,1.091245866,832,0.249774842
0.121814683,0.106045337,4.247862602,28.36260553,3346,127,127,1,30.90285686,29.24287681,13.9391187,1286.241179,1153.576716,1.115002723,832,0.248655111
0.136580643,0.116490881,3.760951758,22.37190721,3333,127,127,1,30.48655591,27.16672332,11.59836488,1276.05588,1146.368086,1.113129277,938,0.281428143
0.084404919,0.096020318,6.533872975,54.53477418,3488,127,127,1,30.10497222,27.32638019,13.53790075,1300.845323,1127.551301,1.153690587,1048,0.300458716
0.117815324,0.100841165,4.287898465,29.77574754,3280,127,127,1,30.0666569,28.74280282,13.91260363,1239.002897,1145.219054,1.081891619,875,0.266768293
0.13631879,0.111377863,3.695751112,22.51936044,3456,127,127,1,30.23625725,27.15186378,14.1428147,1266.330683,1161.908058,1.089871677,897,0.259548611
0.086168716,0.084593746,5.706444676,48.97109689,3356,127,127,1,28.77550711,27.48363153,12.74860179,1312.371921,1186.188387,1.106377314,1064,0.3170441
0.080521168,0.077140089,6.178003718,59.01937858,3403,127,127,1,29.23345832,27.16168389,8.201285753,1286.294549,1172.384582,1.097160922,1084,0.318542463
0.136068426,0.112200755,3.484501759,20.42059494,3356,127,127,1,30.00824019,28.08695801,14.90573638,1286.914753,1208.515746,1.064872144,998,0.297377831
0.122770182,0.106189738,4.062578591,26.57308146,3431,127,127,1,28.52839941,30.35108025,15.06034147,1226.743474,1242.810778,1.013097526,926,0.26989216
0.146195236,0.116443404,3.207654241,17.58501175,3277,127,127,1,28.23930149,29.85577112,14.06603861,1201.890035,1230.551214,1.023846757,995,0.30363137
0.127081179,0.103870786,3.690456505,23.39619113,3414,127,127,1,27.38341766,29.10109766,7.424231995,1176.440426,1216.585083,1.034123833,989,0.289689514
0.13959937,0.124032502,3.719394045,20.2660887,3297,127,127,1,26.8890932,26.85997306,15.41601492,1199.320387,1219.346042,1.016697502,946,0.28692751
0.107245471,0.108227928,5.058358561,34.50562573,3459,127,127,1,26.19740855,25.29999497,8.872829879,1187.817341,1196.905084,1.007650792,954,0.275802255
0.070219152,0.081030297,7.09887167,66.52565278,3455,127,127,1,26.80453186,26.40902438,9.915222103,1195.245506,1159.116036,1.031169847,916,0.26512301
0.122423359,0.116685645,4.437083784,27.22304872,3323,127,127,1,24.68021112,25.69031809,22.60937968,1178.381363,1260.257838,1.069482154,1015,0.305446885
0.087525132,0.09471088,5.841255528,45.69657696,3441,127,127,1,27.13671128,26.66611477,17.85219498,1182.219045,1175.856584,1.005410915,1097,0.318802674
0.087648399,0.106798591,5.897410807,42.33612684,3502,127,127,1,23.79236978,23.2657639,19.69149924,1141.83999,1201.482782,1.052233932,821,0.234437464
0.090818158,0.088480794,5.411473495,42.81660345,3429,127,127,1,26.32908059,25.59024184,17.53979717,1199.589152,1189.661458,1.008344974,939,0.27384077
0.174438955,0.138094512,2.752832137,12.02068316,3328,127,127,1,26.28506,26.53506412,18.39391556,1157.981397,1187.873084,1.025813616,953,0.286358173
0.140435193,0.118934595,3.661131112,20.64551994,3363,127,127,1,27.42803665,26.84180776,10.7809756,1234.643957,1235.395304,1.000608554,847,0.25185846
0.159329762,0.125214954,3.067952079,15.61781675,3380,127,127,1,27.36072397,28.81538491,11.8163029,1245.07326,1241.119345,1.003185766,929,0.274852071
0.212078498,0.149730286,1.962638262,6.71482416,3288,127,127,1,27.93800092,28.82910266,18.15012837,1250.967409,1286.582001,1.02846964,889,0.270377129
0.17705126,0.133633806,2.605947716,11.63399999,3360,127,127,1,28.04520454,28.03620542,15.86423197,1253.740816,1244.821769,1.007164919,921,0.274107143
0.215208764,0.153723179,2.005394937,6.734036945,3337,127,127,1,27.85679644,26.95765491,19.48132874,1217.424835,1214.428908,1.002466944,838,0.251123764
0.157890051,0.121782853,2.957088435,15.24310947,3360,127,127,1,28.64117139,26.98334547,10.24912236,1223.539221,1216.66912,1.005646647,910,0.270833333
0.225156777,0.157263515,1.798484716,5.455517454,3278,127,127,1,29.57048573,26.13127295,18.29918372,1271.449076,1131.998546,1.123189673,875,0.266931056
0.127094344,0.105522083,3.999434788,25.74773924,3434,127,127,1,30.56544477,27.74235764,12.74552381,1314.361411,1204.278085,1.091410221,952,0.277227723
0.132460172,0.110936066,3.99862174,25.15895969,3449,127,127,1,28.92130405,26.14573135,15.96080435,1270.595986,1133.813013,1.120639798,864,0.250507393
0.15329159,0.116183148,3.179315687,17.57505036,3282,127,127,1,29.1736586,27.9085885,16.90217003,1227.850953,1177.349221,1.042894437,827,0.2519805
0.112684542,0.099349331,4.568756981,33.14021208,3308,127,127,1,29.54066817,28.00904191,4.162199053,1280.463181,1162.887252,1.101106903,986,0.298065296
0.187819537,0.140569354,2.554534226,10.85551229,3394,127,127,1,28.37559766,27.25454118,18.97944372,1274.766239,1170.396505,1.08917468,934,0.275191514
0.144164321,0.120666333,3.649230587,20.43746217,3454,127,127,1,27.99057045,27.93269186,13.62571298,1271.019652,1205.30589,1.054520402,834,0.241459178
0.158371869,0.126087378,3.116129609,15.57941666,3424,127,127,1,29.62446008,26.8904865,18.63888133,1295.966772,1191.808026,1.087395573,843,0.246203271
0.099935853,0.094173003,4.929962075,36.33488594,3534,127,127,1,28.92835915,29.02882934,15.07559332,1262.368147,1197.863457,1.053849786,867,0.24533107
0.139725031,0.116434618,3.62684297,20.84016215,3444,127,127,1,29.55214388,27.50577251,17.01593789,1322.510563,1201.681363,1.100550116,885,0.256968641
0.119366814,0.106133759,4.309352587,28.32964205,3348,127,127,1,28.92233622,29.34990865,16.44586836,1265.136997,1219.029473,1.037823142,889,0.265531661
0.066364602,0.0679487,6.881893685,72.55651743,3403,127,127,1,30.17130964,27.91911393,12.16384577,1288.509967,1214.30835,1.061106075,973,0.285924185
0.1205643,0.11100755,4.292252518,27.24997399,3297,127,127,1,29.73896751,28.41547041,9.303939343,1272.924494,1304.473283,1.024784493,973,0.295116773
0.075756118,0.077011064,6.356527213,59.30737959,3467,127,127,1,28.69982683,29.09851401,14.24957869,1226.964869,1263.298734,1.0296128,892,0.257282954
0.096009737,0.093412635,5.434716749,43.18479644,3483,127,127,1,26.29717176,27.67595076,5.177614501,1212.456967,1268.996621,1.046632298,961,0.27591157
0.151589786,0.131066991,3.360947691,16.81137952,3419,127,127,1,27.08946036,26.55856113,11.30840129,1190.535739,1225.078752,1.029014679,880,0.2573852
0.114976591,0.12230865,4.760988353,29.0508743,3307,127,127,1,25.45610434,26.22950911,15.00637268,1216.74234,1307.38749,1.074498229,836,0.252797097
0.097462852,0.104402392,5.390494794,38.7435439,3344,127,127,1,26.61757225,27.54380925,18.51922198,1179.245187,1261.772581,1.069983236,977,0.292165072
0.111643593,0.104731652,4.530547596,30.33409018,3369,127,127,1,28.42059538,29.12743974,2.89286788,1209.397284,1268.539578,1.048902288,1015,0.301276343
0.110407332,0.098712373,4.456028086,31.73012132,3388,127,127,1,28.91907772,28.37454207,18.93845091,1240.547002,1245.581022,1.004057903,1033,0.304899646
0.129415834,0.110256067,3.565788585,21.06720607,3449,127,127,1,30.42001602,27.90217756,13.49121561,1325.084475,1241.764579,1.067097981,913,0.26471441
0.162186207,0.130359155,2.89473676,13.80846841,3394,127,127,1,29.23082169,28.09754565,19.64628992,1257.004908,1237.646918,1.015640964,962,0.283441367
0.095868758,0.092434486,5.316867061,41.79428811,3459,127,127,1,28.17549565,28.25331395,13.93829844,1255.631499,1259.638945,1.003191578,896,0.259034403
0.081780168,0.084637629,5.863796009,49.52775941,3432,127,127,1,28.55538755,28.23108752,23.13719596,1264.532095,1235.332075,1.023637385,841,0.24504662
0.076154163,0.075442493,6.281689266,61.78740163,3300,127,127,1,30.788459,27.98099296,5.998394284,1335.995139,1181.60337,1.130662938,1058,0.320606061
0.17815444,0.140092956,2.627178749,10.98717901,3320,127,127,1,30.88747682,27.291508,25.34558225,1319.667376,1152.324247,1.145222258,946,0.284939759
0.187952857,0.144118421,2.43469837,9.563586544,3338,127,127,1,31.02046296,27.22961179,18.77143966,1317.980331,1169.186773,1.127262437,887,0.265727981
0.109757726,0.09952919,4.736159798,33.76323589,3399,127,127,1,30.70526086,26.44204733,18.34861708,1300.674302,1170.284927,1.111416776,904,0.265960577
0.100053855,0.09841483,5.435946103,41.39451591,3452,127,127,1,29.76920108,28.59898772,13.96838662,1261.430469,1200.752724,1.05053309,852,0.246813441
0.179710478,0.137927703,2.64982238,11.49971271,3363,127,127,1,30.74047544,28.85969989,15.30865792,1285.724091,1175.068646,1.094169345,875,0.260184359
0.098417394,0.094200241,5.517049911,43.45510625,3312,127,127,1,28.48115465,26.98874742,12.11977976,1268.88317,1155.973646,1.097674825,989,0.298611111
0.148262533,0.123601409,3.466977319,18.88581341,3298,127,127,1,29.84770756,27.21481342,14.50867379,1276.790045,1160.658086,1.100056994,820,0.248635537
0.171876915,0.128760123,2.642950232,12.11140645,3315,127,127,1,29.43837438,26.78492014,15.23629671,1271.393517,1119.528772,1.135650597,981,0.295927602
0.130925915,0.107616412,3.821209271,24.26182194,3290,127,127,1,29.58129346,27.83655235,15.34784785,1252.358087,1137.039766,1.101419778,929,0.282370821
0.090754251,0.087726582,5.435297532,44.63630185,3285,127,127,1,29.59549201,28.65702821,12.92248691,1267.458318,1198.408924,1.057617557,1038,0.315981735
0.082427141,0.08139132,5.772440768,50.66717971,3394,127,127,1,27.24519349,27.2307994,2.773160439,1217.699298,1168.450151,1.042149121,854,0.251620507
0.113913143,0.099258243,4.161308231,28.20116686,3480,127,127,1,29.01908111,27.29891465,8.782514282,1281.606657,1189.00613,1.077880614,945,0.271551724
0.131744026,0.10901703,3.745873076,23.54815241,3345,127,127,1,29.33508963,28.0018637,18.2005271,1234.549619,1158.845859,1.06532686,948,0.283408072
0.139394483,0.116580241,3.504108222,20.07648644,3310,127,127,1,28.67198097,30.48656919,15.9178169,1235.72028,1262.63724,1.021782405,963,0.290936556
0.077752805,0.088827486,6.480834909,54.53760873,3577,127,127,1,23.7419216,25.67123864,18.41063315,1137.684123,1156.963239,1.01694593,1080,0.301928991
0.080157351,0.090366505,6.115715365,49.21692971,3592,127,127,1,23.86523035,24.22561917,15.87654485,1184.534355,1183.363889,1.0009891,886,0.246659243
0.143664551,0.12121051,3.615285333,20.05500109,3303,127,127,1,27.48302875,27.0904042,20.82249251,1235.744318,1220.089663,1.012830741,902,0.273085074
0.175741996,0.137548121,2.815500315,12.46804461,3403,127,127,1,25.34935643,26.54103688,21.40227574,1133.739181,1249.667563,1.102253132,911,0.267704966
0.232175101,0.165239029,1.886881005,5.621997158,3336,127,127,1,27.81041912,26.01931142,21.73643736,1217.247184,1234.675226,1.014317587,829,0.248501199
0.188624962,0.138867014,2.465818796,10.30650662,3343,127,127,1,27.60252455,28.73344462,7.853381036,1232.890178,1212.845991,1.016526572,906,0.271014059
0.151769062,0.118263625,3.085695349,16.59849083,3289,127,127,1,30.16378998,28.53609497,10.95278123,1272.486861,1250.918752,1.017241814,969,0.294618425
0.145607144,0.11891864,3.367372291,18.43352938,3331,127,127,1,28.08963471,26.52978313,15.28174992,1192.747964,1207.809386,1.012627498,870,0.261182828
0.196469056,0.142801942,2.231287308,8.536875105,3279,127,127,1,29.5229324,28.8172743,19.81085726,1237.683535,1221.1479,1.013541059,879,0.268069533
0.245806047,0.165583711,1.633258,4.28849835,3335,127,127,1,27.4995159,26.66509835,19.8578373,1204.158008,1177.429555,1.022700681,906,0.271664168
0.278171195,0.182559821,1.313553131,2.454051667,3342,127,127,1,27.57764814,25.62700469,50.71121179,1197.959346,1158.262892,1.034272405,864,0.258527828
0.137718051,0.112184361,3.583921793,20.99667424,3295,127,127,1,29.05136793,25.87724996,15.89463388,1244.969146,1160.110119,1.07314739,839,0.254628225
0.157656681,0.121996884,3.063528789,15.83527067,3384,127,127,1,28.89304464,28.27125958,15.63712969,1274.782361,1173.657466,1.086162188,850,0.251182033
0.186257516,0.139354538,2.584567164,10.83741017,3288,127,127,1,29.51388115,27.66857542,15.07359375,1257.073978,1180.76189,1.064629532,884,0.268856448
0.210331457,0.14825667,2.137388264,7.75283623,3390,127,127,1,28.40207907,27.29494356,18.60187508,1268.882072,1146.965969,1.106294438,835,0.246312684
0.118152813,0.101170061,4.35409747,30.02237261,3459,127,127,1,28.85565291,26.89582257,7.111925808,1276.338116,1156.26843,1.103842398,993,0.28707719
0.188782935,0.140215911,2.487945794,10.31758574,3282,127,127,1,28.51541931,26.59659615,15.95785017,1253.201415,1116.293966,1.12264462,833,0.253808653
0.250553146,0.168302771,1.580250473,4.011357833,3347,127,127,1,30.34876812,27.95674632,66.09976845,1317.060349,1203.79902,1.094086577,902,0.26949507
0.156494619,0.121679299,3.235961368,17.3135966,3366,127,127,1,30.2253297,28.9148489,19.85622912,1327.708316,1232.61968,1.077143532,848,0.251931075
0.162201526,0.126521967,3.117667366,15.781652,3292,127,127,1,28.55508628,25.45734779,15.73941339,1358.984379,1090.476077,1.246230346,920,0.279465371
0.137738635,0.117457725,3.924253114,23.18107994,3438,127,127,1,28.63400973,27.86993715,15.06918789,1264.124252,1150.550745,1.098712297,949,0.276032577
0.243716251,0.171497918,1.685986435,4.415349092,3323,127,127,1,28.83807667,26.92268066,72.20078067,1302.641829,1174.66669,1.108945917,829,0.249473367
0.235637111,0.164365399,1.814849301,5.189999753,3305,127,127,1,29.61081614,27.52267771,16.40419519,1266.332961,1186.659476,1.067140984,823,0.249016641
0.187378887,0.144018672,2.481390428,9.974234865,3310,127,127,1,29.18987626,28.10647651,15.49550577,1337.502373,1208.344549,1.106888241,909,0.274622356
0.220125326,0.158027117,1.921853735,6.075385674,3391,127,127,1,30.01488603,27.5980107,47.7300793,1304.153396,1187.390734,1.0983355,823,0.242701268
0.07739928,0.077427084,6.120806639,56.72104737,3316,127,127,1,28.92083379,29.07991012,12.61137926,1283.848964,1240.790423,1.034702509,951,0.286791315
0.117866067,0.109067661,4.423555584,28.53364074,3382,127,127,1,28.89930811,28.57398508,8.45377507,1268.726953,1294.311446,1.020165484,946,0.279716144
0.124599801,0.109682509,4.03808376,25.37587457,3377,127,127,1,28.1429528,30.20669124,3.78999758,1238.812789,1266.070151,1.02200281,889,0.263251407
0.07462589,0.08434837,6.757558988,60.92494842,3418,127,127,1,27.66535569,28.48254016,11.14119061,1219.745209,1284.630922,1.053196121,868,0.253949678
0.154565669,0.128644121,3.224340311,16.15192967,3328,127,127,1,27.10520777,27.60049866,18.17758076,1222.914277,1223.000256,1.000070306,989,0.297175481
0.121521714,0.118389311,4.502166638,27.80983301,3353,127,127,1,26.70780783,29.62453019,16.02491076,1220.933223,1284.023585,1.051673884,950,0.283328363
0.063004318,0.094745576,7.294505906,61.39752005,3620,127,127,1,24.24265453,28.25812263,16.16544012,1175.296981,1301.057439,1.107003132,1144,0.316022099
0.103294702,0.108032975,5.123963693,34.96841841,3389,127,127,1,26.2508621,26.76341773,17.7354923,1209.097254,1253.571346,1.03678289,851,0.251106521
0.129148715,0.116617392,4.091137524,24.40478435,3385,127,127,1,27.02328732,29.45126546,17.70417667,1196.158713,1305.458602,1.091375741,903,0.26676514
0.1925135,0.149165295,2.426288951,9.177554962,3367,127,127,1,26.76690435,28.98125296,50.82315422,1231.673152,1310.476017,1.063980339,847,0.251559252
0.107320389,0.104116778,4.792767426,32.97840035,3427,127,127,1,28.81020683,29.63250383,16.94772186,1303.366464,1296.797625,1.00506543,1055,0.307849431
0.088967955,0.084497151,5.498215887,46.71290331,3396,127,127,1,28.79461505,28.77275755,3.623752883,1265.65563,1248.21997,1.01396842,1014,0.298586572
0.158507104,0.125836142,2.830449928,13.72588325,3307,127,127,1,30.59210647,27.68734635,18.61904555,1302.376387,1271.020532,1.024669826,829,0.250680375
0.16224078,0.130482814,2.926107719,13.96043655,3292,127,127,1,28.69985052,29.39030884,20.76174129,1230.930736,1239.220935,1.006734903,944,0.286755772
0.084166284,0.081185069,5.709512757,49.35745087,3410,127,127,1,29.46467411,28.61762481,14.6182497,1301.084737,1233.351655,1.054917899,1070,0.313782991
0.096180635,0.090667753,5.031849842,39.98244216,3372,127,127,1,30.28993276,28.03636699,5.670007101,1292.322027,1168.501685,1.105965052,887,0.263048636
0.102943809,0.093720272,4.821927573,36.73105533,3388,127,127,1,28.05372022,28.76399179,17.88429723,1244.421829,1166.303726,1.066979211,900,0.265643447
0.144546569,0.118360122,3.342086484,18.21044149,3280,127,127,1,29.20795217,26.39295483,21.40061661,1230.811888,1170.893545,1.051173178,820,0.25
0.162841797,0.129792218,2.849898999,13.28860292,3369,127,127,1,29.20280283,25.68538198,21.65658813,1282.880879,1131.389317,1.133898703,888,0.263579697
0.149553127,0.124664878,3.542640323,19.12722904,3304,127,127,1,29.1209806,26.58967493,19.59878103,1265.234967,1140.345152,1.109519311,847,0.256355932
0.107747875,0.101288847,4.897404316,35.41322036,3473,127,127,1,30.93496201,30.52575152,9.709832297,1341.336537,1196.731215,1.120833585,978,0.281600921
0.165999588,0.13059041,2.969511131,14.39630222,3384,127,127,1,31.80192906,26.67153638,10.24830517,1298.471844,1150.457723,1.128656723,830,0.245271868
0.129547478,0.115284386,4.297898694,27.01973898,3343,127,127,1,29.11341502,25.56390342,15.52915097,1222.655245,1101.78132,1.109707728,888,0.265629674
0.121396532,0.108212749,4.436436153,29.63060246,3285,127,127,1,30.01977215,29.08526739,10.92158537,1269.145772,1187.004052,1.069200876,841,0.256012177
0.263123755,0.175134581,1.399440231,2.894936754,3379,127,127,1,32.50239043,28.94550728,83.5125228,1350.3656,1162.468505,1.161636289,889,0.26309559
0.128372013,0.10878595,3.813653839,23.88266453,3311,127,127,1,29.26503502,26.68693258,14.80299011,1285.707318,1102.674649,1.165989732,1008,0.304439746
0.100424853,0.092435544,4.854157299,37.25923768,3425,127,127,1,29.48236072,27.91705974,14.12964504,1284.24887,1161.794634,1.105400932,890,0.259854015
0.121535357,0.10558779,4.127457803,26.90191118,3305,127,127,1,28.74884359,27.56149098,3.706776542,1271.442536,1185.072824,1.072881354,835,0.252647504
0.105038871,0.094257823,4.554246823,33.60669473,3418,127,127,1,28.27294132,28.20868425,12.18500904,1227.438983,1211.113496,1.013479733,872,0.255119953
0.13474528,0.110417142,3.540105143,21.32028626,3453,127,127,1,30.11885915,28.12877354,16.3697407,1300.47149,1185.983728,1.096534008,988,0.286128005
0.128079044,0.107659102,3.822966365,24.26258716,3289,127,127,1,29.54378762,28.29471337,18.74136142,1266.619648,1211.008379,1.045921457,829,0.252052296
0.080160702,0.08558929,6.45883953,57.78508949,3551,127,127,1,27.58210339,27.77023306,9.982912677,1216.096378,1194.41515,1.018152171,844,0.237679527
0.102463187,0.093859184,5.094516639,39.88274531,3291,127,127,1,30.60456269,30.66727867,14.28441695,1255.805374,1243.987196,1.009500241,905,0.274992404
0.127554142,0.114834236,3.939579681,23.29223708,3341,127,127,1,26.8619076,26.96808329,18.55325777,1191.190826,1202.898568,1.009828603,869,0.260101766
0.128093405,0.118650592,4.091368792,23.99491687,3293,127,127,1,24.63965857,26.54267922,15.12601753,1096.577707,1172.643219,1.069366276,850,0.258123292
0.105026425,0.100916233,5.050536308,36.18720057,3303,127,127,1,26.19081758,28.93589846,17.42621539,1196.049596,1260.590895,1.053962059,1019,0.308507417
0.132345521,0.116823107,3.947435541,23.05869497,3371,127,127,1,27.02359733,28.28341401,21.3245182,1195.78875,1258.80695,1.052700111,916,0.271729457
0.11375517,0.119988591,4.960158924,31.18887761,3385,127,127,1,24.8387536,24.14192895,16.27880688,1148.733603,1156.059517,1.006377383,901,0.266174298
0.073703661,0.083231403,6.671210983,59.51475864,3315,127,127,1,26.16774463,25.2450061,15.57850391,1180.08081,1189.576668,1.008046786,855,0.257918552
0.146269196,0.123736827,3.552416845,19.40068246,3281,127,127,1,26.3704349,26.62771481,20.7528649,1205.848789,1220.661922,1.012284404,863,0.263029564
0.148056688,0.123397101,3.416074924,18.39470474,3300,127,127,1,28.55127133,27.9515955,18.90388534,1219.74259,1225.640523,1.004835392,871,0.263939394
0.139237707,0.117609422,3.691881144,21.08170026,3342,127,127,1,27.06497818,29.34181341,13.68161244,1178.513504,1270.888221,1.0783824,899,0.269000598
0.171215342,0.129440014,2.701307139,12.65061581,3418,127,127,1,28.43979234,27.51751291,8.261912643,1215.361586,1221.235174,1.004832791,820,0.239906378
0.191422287,0.139766016,2.30338548,9.181297272,3388,127,127,1,29.0633277,28.60166757,16.7522575,1251.412609,1270.101971,1.014934612,824,0.243211334
0.133728745,0.113451258,3.831933303,23.03916205,3379,127,127,1,28.08127071,28.79508682,16.01463901,1248.495352,1241.03869,1.006008404,997,0.295057709
0.159775917,0.125981546,3.032248103,15.28147612,3382,127,127,1,27.22478637,27.77271079,13.23321549,1199.99763,1242.056004,1.035048714,972,0.287403903
0.152287263,0.12210085,3.331399337,18.13970184,3363,127,127,1,28.86719315,27.9787922,14.1497343,1254.477474,1253.539536,1.000748231,951,0.282783229
0.147460698,0.118684794,3.448123422,19.25555803,3355,127,127,1,27.81479816,25.56475655,15.92569444,1212.731968,1143.25003,1.060775802,923,0.275111773
0.241355746,0.164974109,1.663852359,4.466744507,3324,127,127,1,27.68509647,27.34349815,18.96488863,1206.048014,1198.786985,1.00605698,898,0.270156438
0.138238406,0.112343907,3.562865005,20.81091275,3359,127,127,1,27.73068941,25.86462393,14.55567816,1209.548809,1188.237334,1.017935369,860,0.25602858
0.170527918,0.12817404,2.670866933,12.40003797,3295,127,127,1,28.19213956,27.66922048,16.47294341,1245.765127,1174.242802,1.060909315,945,0.286798179
0.166667385,0.127859176,2.801437478,13.23997242,3438,127,127,1,27.82835169,26.41764194,9.945765034,1230.385875,1156.566572,1.063826247,836,0.243164631
0.097007123,0.094127556,5.500667184,43.10157828,3486,127,127,1,26.83122211,26.08006556,8.479241295,1206.538652,1163.266885,1.037198486,1019,0.292312106
0.144744275,0.11489462,3.49981349,20.41006108,3466,127,127,1,28.8881022,27.14997717,9.404865908,1263.137141,1170.56731,1.079081168,952,0.274668205
0.163888251,0.127259165,3.045666965,15.34080003,3393,127,127,1,29.95282053,27.62761492,8.669135171,1289.730207,1134.697496,1.136629111,854,0.251694665
0.170206466,0.13046143,2.949293698,14.22605377,3347,127,127,1,30.84191896,27.00879788,17.8640903,1261.561086,1128.301173,1.118106687,894,0.26710487
0.108148074,0.097018551,4.837149585,35.43175625,3301,127,127,1,30.34686676,27.32099791,10.33612029,1311.993098,1215.238612,1.079617686,864,0.261738867
0.156600174,0.125220173,3.247906939,16.70686924,3385,127,127,1,29.1543217,25.12319454,8.634699279,1316.479853,1130.899382,1.164099897,839,0.247858198
0.187386546,0.140665467,2.52896809,10.50793867,3360,127,127,1,28.32617705,25.52268581,18.13286669,1234.358044,1120.101176,1.102005847,922,0.274404762
0.160700779,0.128916393,3.081164011,15.09366895,3326,127,127,1,28.10565428,26.76494773,16.05269475,1279.102402,1160.567917,1.102134898,825,0.248045701
0.18326416,0.139282577,2.537114954,10.68698706,3282,127,127,1,29.57645172,27.68002404,14.85823183,1261.598319,1189.346316,1.06074934,914,0.278488726
0.197011432,0.147404635,2.292680569,8.602306735,3372,127,127,1,28.99868855,29.15391927,15.51416894,1283.944851,1212.080273,1.05929028,933,0.276690391
0.211089729,0.154986967,2.097950238,7.063355558,3290,127,127,1,28.96599375,26.41662801,17.52482735,1261.458113,1177.486447,1.071314337,824,0.250455927
0.070985802,0.069715359,6.229639492,60.09974724,3563,127,127,1,28.67999905,29.87513842,5.323205578,1273.787516,1242.357848,1.025298402,997,0.279820376
0.126553644,0.112322873,4.018115037,24.70383799,3297,127,127,1,27.71866782,28.48225045,10.82656529,1247.913249,1328.979262,1.064961258,852,0.258416742
0.089868882,0.089074755,5.424898652,43.29258012,3356,127,127,1,27.08672899,28.92358667,3.984054749,1200.253567,1234.79016,1.028774414,1091,0.325089392
0.130551566,0.119020602,4.076492081,23.99877911,3283,127,127,1,27.54099572,28.08092491,16.73291544,1202.301272,1266.746141,1.053601265,826,0.251599147
0.154727472,0.132448663,3.329609524,16.64734244,3326,127,127,1,27.83158458,27.6226954,16.94180157,1185.095943,1230.991509,1.0387273,850,0.255562237
0.136221613,0.12212317,3.836816347,21.39482939,3306,127,127,1,26.49126894,27.94229592,13.36891291,1215.196309,1257.138794,1.034514987,943,0.285238959
0.231275611,0.170447289,1.945513736,5.612557426,3343,127,127,1,26.64653212,26.57389723,15.13295393,1259.44851,1270.300692,1.008616615,870,0.260245289
0.057539158,0.090163829,7.577404115,66.76820927,3332,127,127,1,24.86376984,26.37560627,13.57219188,1132.636176,1238.95745,1.093870632,923,0.277010804
0.085470761,0.089212221,6.054659744,50.89539929,3409,127,127,1,25.77515522,28.69978161,17.33866892,1198.616941,1256.42308,1.048227367,1019,0.298914638
0.167174336,0.134399837,2.900005396,13.39487357,3325,127,127,1,26.58568184,29.69107814,17.8559092,1177.074788,1316.035394,1.118055885,854,0.256842105
0.138843731,0.123872186,3.778293591,21.05257411,3347,127,127,1,28.3133935,29.05701676,16.32996703,1235.195376,1315.368574,1.064907301,980,0.292799522
0.169255515,0.135675099,2.797424494,12.49158164,3315,127,127,1,28.04502959,29.81701131,15.12431182,1255.593433,1278.970195,1.018618098,971,0.292911011
0.140798053,0.119484001,3.50275635,19.3206006,3384,127,127,1,27.96592134,29.54884668,18.5141018,1238.738146,1281.44916,1.034479453,938,0.277186761
0.173553826,0.134788176,2.65798127,11.69527381,3404,127,127,1,29.1131034,29.49647797,7.598222647,1257.637816,1244.247784,1.010761548,846,0.24853114
0.089427514,0.087156511,5.436195985,44.44268794,3406,127,127,1,30.0816713,27.70484568,14.38532891,1214.383585,1157.191234,1.049423422,1098,0.322372284
0.129595349,0.112632533,3.867798043,23.41104527,3338,127,127,1,28.99991466,26.51206748,20.69507109,1226.917082,1112.989461,1.102361815,840,0.251647693
0.12334128,0.109153239,4.058782774,25.62273396,3285,127,127,1,29.52544629,26.72821459,18.96509363,1292.491555,1131.779631,1.141999308,909,0.276712329
0.091188438,0.086695309,5.536422189,46.98599649,3283,127,127,1,28.16843378,27.04575443,13.39946251,1195.4402,1166.122688,1.025141019,908,0.276576302
0.091000306,0.086397506,5.573301749,46.88491309,3557,127,127,1,33.04844555,30.13914611,12.31463871,1378.38042,1205.648923,1.143268487,979,0.275231937
0.139001944,0.118854812,3.695150568,21.29807901,3379,127,127,1,30.76619605,27.35025351,9.902230141,1293.538115,1111.082333,1.164214458,931,0.275525303
0.092637724,0.102421382,6.091051315,47.32336303,3366,127,127,1,27.61787594,24.69001865,13.48106663,1187.250407,1072.26951,1.107231341,881,0.261734997
0.106480019,0.095459123,4.977625911,37.97561708,3344,127,127,1,31.92087544,27.32430121,11.35404134,1319.579475,1091.253147,1.209233145,908,0.2715311
0.114975634,0.104004755,4.362642946,29.49822622,3283,127,127,1,28.95682477,27.79459587,15.72377294,1273.887957,1183.36017,1.07650062,1012,0.308254645
0.098611031,0.087588003,4.793863477,37.58555836,3334,127,127,1,29.5508863,26.66537787,14.16957518,1240.405982,1114.833208,1.112638172,919,0.275644871
0.102530446,0.093824104,4.868764578,36.7862068,3421,127,127,1,30.72475817,27.91846163,13.76131952,1325.586528,1181.960932,1.121514673,921,0.269219526
0.124224973,0.105381151,3.980187804,26.00699894,3418,127,127,1,28.07472244,29.07304062,15.97380789,1261.023734,1212.596444,1.039936857,874,0.255705091
0.162521302,0.128210867,3.047060999,15.3831247,3374,127,127,1,28.4734345,28.23056507,16.01779873,1207.147122,1245.121516,1.031457967,876,0.259632484
0.093372779,0.088283905,5.635110049,47.15222565,3464,127,127,1,29.11340024,29.35646754,7.908892973,1265.954568,1228.189544,1.030748531,1029,0.297055427
0.126024912,0.107979315,4.060113346,26.10746749,3309,127,127,1,26.62056822,28.78709796,10.21808511,1153.544918,1255.226482,1.088147034,990,0.299184044
0.139480411,0.117538501,3.659261603,21.0387995,3333,127,127,1,26.45113156,27.22841729,12.02962207,1196.716662,1238.974354,1.035311359,837,0.251125113
0.1747111,0.139009674,2.829709758,12.55379736,3397,127,127,1,27.04898061,25.4933922,19.96600234,1191.371096,1185.932415,1.004585996,846,0.249043273
0.144638959,0.121272959,3.561144841,19.67317329,3367,127,127,1,27.09726241,27.41694611,18.03403683,1149.34461,1170.424808,1.01834106,997,0.296109296
0.121837182,0.113220035,4.400551626,27.62895159,3340,127,127,1,25.76996496,29.08237046,19.0455123,1177.573642,1279.105378,1.086221135,846,0.253293413
0.13949956,0.120488725,3.756169208,21.25757229,3295,127,127,1,26.52459349,26.14552101,17.40525121,1189.270474,1192.610179,1.002808196,925,0.280728376
0.066740388,0.078855917,7.069591787,66.96578793,3488,127,127,1,26.45621633,26.60615091,20.58264299,1168.833597,1197.571854,1.024587124,1071,0.307052752
0.115534046,0.105677914,4.541466655,30.37150426,3300,127,127,1,26.77311027,26.37543416,16.30384289,1184.171833,1201.126595,1.014317822,905,0.274242424
0.136351821,0.11599096,3.750536588,21.93811373,3370,127,127,1,28.62075932,27.34061932,9.043277425,1266.080041,1219.777822,1.037959552,939,0.278635015
0.145988674,0.119173847,3.453077302,19.33841379,3351,127,127,1,26.76117648,29.49203439,6.301235538,1211.741938,1289.017356,1.063772174,851,0.253954044
0.197650984,0.145276842,2.199575174,8.166483688,3312,127,127,1,27.54176262,26.52371576,18.67645743,1186.891271,1207.656585,1.017495548,913,0.275664251
0.16307397,0.125472013,2.934294873,14.64702085,3415,127,127,1,28.8464008,28.9877119,16.94569774,1258.050395,1251.885785,1.004924259,844,0.247144949
0.17183048,0.1324578,2.832880293,13.22856486,3416,127,127,1,27.98168267,28.18535339,17.64715503,1215.639471,1258.534207,1.035285738,957,0.280152225
0.132129146,0.110337902,3.847438867,23.68630418,3301,127,127,1,27.80801197,28.20831386,17.47630001,1204.363556,1260.103228,1.046281434,961,0.291123902
0.151053156,0.12314429,3.446664688,18.97448066,3291,127,127,1,27.82220221,28.18041987,15.92779049,1240.651666,1220.84271,1.016225641,983,0.298693406
0.187967457,0.137952881,2.411805118,10.07678426,3334,127,127,1,28.84946416,27.70669436,20.36262765,1234.385999,1194.764038,1.033163,883,0.264847031
0.232185872,0.160462989,1.827450112,5.510365184,3281,127,127,1,27.19594294,27.10032576,16.63060055,1193.368944,1167.876886,1.021827693,884,0.269430052
0.301622817,0.191359277,1.180677839,1.862057322,3295,127,127,1,27.79070863,28.83930879,76.558518,1220.095884,1219.179521,1.000751622,823,0.249772382
0.158902995,0.121895552,2.929654141,14.89811679,3348,127,127,1,29.03180408,25.88461062,11.44212614,1262.710298,1132.046535,1.115422608,909,0.271505376
0.096303184,0.091041185,5.598782829,45.52127459,3304,127,127,1,29.75377398,27.16756102,9.080393443,1295.627769,1171.932539,1.105548081,865,0.261803874
0.225105555,0.153948513,1.87375191,6.032330411,3376,127,127,1,30.61832065,27.97213836,6.989394298,1281.191431,1171.612842,1.093527985,913,0.270438389
0.123113894,0.104746581,4.338936505,29.24191413,3319,127,127,1,28.3924211,27.00395353,9.024922261,1219.00835,1119.90097,1.088496557,940,0.283217837
0.141534783,0.116318695,3.722517542,21.84492972,3288,127,127,1,29.61173095,27.25471931,17.693581,1246.824671,1170.530502,1.065179138,957,0.291058394
0.181711952,0.137543179,2.80170786,12.66725845,3398,127,127,1,29.01333264,27.86073601,14.17689143,1259.899697,1159.168436,1.08689959,826,0.243084167
0.117295209,0.096384649,4.173782846,29.59951501,3461,127,127,1,29.12513384,27.94318387,15.74638519,1274.150601,1166.325205,1.092448826,867,0.250505634
0.172968846,0.131608164,2.777167297,13.06816143,3361,127,127,1,28.51640317,27.99677802,13.28968076,1255.906559,1229.491445,1.021484585,839,0.249628087
0.119619571,0.102740801,4.220269158,27.93176374,3349,127,127,1,30.02605243,26.35368895,15.94954277,1331.131414,1118.120335,1.190508188,827,0.246939385
0.174295582,0.133229827,2.745609447,12.3897171,3351,127,127,1,28.41251129,26.09897732,17.59634903,1258.318222,1133.398826,1.110216627,865,0.258131901
0.140441416,0.11491124,3.493798641,19.922376,3333,127,127,1,28.84953815,28.35337832,13.54070558,1242.443961,1167.756001,1.063958533,845,0.253525353
0.146073644,0.116968424,3.313508416,18.35782177,3399,127,127,1,29.11404054,27.87629363,17.20606804,1266.112491,1218.017572,1.039486228,837,0.246248897
0.104804305,0.09802409,4.916605887,36.56668163,3375,127,127,1,28.41997876,27.62243511,8.900484076,1249.803548,1199.868023,1.041617515,834,0.247111111
0.093508014,0.089463552,5.199317036,41.43403948,3303,127,127,1,28.39862733,29.48677352,13.71224406,1239.276862,1224.38634,1.01216162,1015,0.307296397
0.112119907,0.10369706,4.543645621,31.07994897,3453,127,127,1,27.66372004,30.49338292,8.988388878,1228.672472,1334.216892,1.085901184,1024,0.296553721
0.117437864,0.111501846,4.640984768,30.29833641,3319,127,127,1,27.33086271,28.37668532,1.921800478,1214.399601,1278.891489,1.053105985,914,0.275384152
0.119611912,0.118278549,4.561611938,27.94942857,3309,127,127,1,27.91483278,27.28554753,12.21227213,1233.731078,1246.650885,1.010472142,923,0.278936235
0.152904031,0.110375489,2.473399641,12.36711047,7446,191,192,1.005235602,50.15474766,49.92356718,63.74921345,2850.817123,2994.96392,1.050563327,1914,0.257050766
0.140730087,0.103222406,2.749115115,15.46728014,7506,191,192,1.005235602,48.52396303,50.01460361,10.83749947,2907.192743,2979.489605,1.024868273,1906,0.253930189
0.185915646,0.129568561,1.97063159,7.393430082,7572,191,192,1.005235602,49.2471602,51.13664552,51.86318179,2941.330696,3005.169082,1.021703913,2121,0.280110935
0.14410336,0.104660171,2.524749892,13.1913345,7438,191,192,1.005235602,50.22099141,51.25498841,13.5341383,2911.836481,3034.430554,1.042101977,2150,0.289056198
0.103701869,0.081046698,4.079210188,33.26281028,7707,191,192,1.005235602,48.05763213,52.07347721,15.51272183,2746.530889,3059.512017,1.113955073,2145,0.278318412
0.100336745,0.080343122,4.530410649,39.6450377,7571,191,192,1.005235602,47.92830716,52.54080459,5.271461668,2832.390388,3108.560845,1.097504376,2196,0.290054154
0.068081907,0.068453332,7.634645676,89.79716715,7790,191,192,1.005235602,50.56209244,53.01282775,118.9561384,2920.458931,3107.538886,1.06405841,2438,0.31296534
0.114858804,0.089104207,3.796120542,28.48266785,7671,191,192,1.005235602,51.2744141,52.18876128,122.6800368,2921.163625,3129.558242,1.07133959,1927,0.25120584
0.132393368,0.099846941,2.903347271,17.39691136,7728,191,192,1.005235602,50.52169359,53.47549842,117.6722023,2843.000737,3131.303624,1.101407954,1887,0.244177019
0.200164139,0.139328648,1.817494269,5.865608655,7446,191,192,1.005235602,51.65230978,52.59637516,92.94485029,2935.329752,3162.954984,1.077546733,2109,0.283239323
0.143127095,0.104284586,2.623586231,14.1179392,7668,191,192,1.005235602,48.53055521,52.37155361,12.2262656,2881.703423,3093.225554,1.073401769,2123,0.276864893
0.115557905,0.087572619,3.33682543,23.20422985,7424,191,192,1.005235602,48.60147384,50.95588336,10.61719055,2859.255051,3062.225536,1.070987191,1881,0.253367457
0.092693094,0.077227758,4.852872899,43.85641889,7688,191,192,1.005235602,48.83939932,52.42754087,123.0097118,2882.725545,3117.175773,1.081329362,1962,0.255202914
0.072661303,0.062864051,5.834052392,64.33353039,7676,191,192,1.005235602,48.38496688,51.0786726,4.794658715,2915.292938,3088.296714,1.059343531,2078,0.270713913
0.138415519,0.103736346,2.910990798,16.81481702,7646,191,192,1.005235602,49.97430837,50.61705369,10.33294062,2982.257194,3057.591859,1.025260955,2225,0.291001831
0.158861733,0.116159981,2.416476415,11.24456536,7570,191,192,1.005235602,48.25004275,50.63237585,12.74588228,2865.020832,2951.41338,1.030154248,1914,0.252840159
0.11017813,0.087128054,4.07224381,31.74632674,7889,191,192,1.005235602,49.08681745,50.03188491,9.302039055,2903.831935,2997.973197,1.032419666,2046,0.25934846
0.17316441,0.12635622,2.296864091,9.725054823,7560,191,192,1.005235602,49.25565662,51.66253471,14.91145969,2962.912842,2998.923941,1.012153952,2015,0.266534392
0.191539038,0.137870569,2.060272946,7.552234216,7634,191,192,1.005235602,48.31760211,50.09698334,60.622377,2872.91087,3002.538464,1.045120646,2059,0.269714435
0.119156063,0.09635183,3.954992033,28.31634709,7469,191,192,1.005235602,47.9757028,49.34300783,12.33663025,2876.059208,2926.238535,1.017447251,1884,0.252242603
0.14168688,0.109677693,3.000990175,16.69047214,7700,191,192,1.005235602,48.7332874,49.28142298,11.12692983,2871.78407,2931.685469,1.020858601,2231,0.28974026
0.081302385,0.076316288,6.270148767,62.46599731,8113,191,192,1.005235602,47.9503654,46.58884458,19.97177852,2881.345958,2813.555848,1.024094105,2314,0.28522125
0.080040596,0.078716161,6.384769125,62.08971999,7582,191,192,1.005235602,48.32108222,46.70123886,24.20176634,2980.143164,2771.696302,1.07520552,2445,0.322474281
0.060924959,0.069606649,8.644643935,101.2577536,8226,191,192,1.005235602,49.81906325,48.04985052,116.4929068,3001.91365,2804.393703,1.070432317,2318,0.281789448
0.080833989,0.077511127,6.519566169,65.10155364,7765,191,192,1.005235602,51.16735726,46.88740189,118.1929858,3095.372057,2782.274302,1.112533029,2233,0.28757244
0.11944836,0.096266163,3.935083074,28.33491698,7595,191,192,1.005235602,52.12541926,49.13856228,26.28378313,3076.155061,2853.033337,1.078205088,1884,0.248057933
0.116950815,0.097560142,3.986472828,27.83732286,7489,191,192,1.005235602,51.78748576,47.90633928,29.63675391,3034.401365,2807.005134,1.081010266,1950,0.260381893
0.147521504,0.113285911,2.919399479,15.70484866,7693,191,192,1.005235602,48.0513385,48.01316613,23.36953818,2966.24329,2832.598297,1.047181061,2159,0.280644742
0.144355337,0.109967982,3.017511618,17.02509046,7603,191,192,1.005235602,48.81936162,49.01528545,49.62971336,2939.750899,2897.112555,1.014717531,2101,0.276338288
0.0982768,0.080301176,4.540763288,39.50602599,7727,191,192,1.005235602,49.41845267,50.81667982,11.59693236,2932.566065,2948.074286,1.005288277,1895,0.24524395
0.091721274,0.079075332,5.313047026,49.82074341,7596,191,192,1.005235602,49.47387803,47.79387372,21.99623802,2873.525817,2775.090463,1.035471043,2113,0.278172722
0.077730896,0.07297924,6.535026174,69.64150103,7504,191,192,1.005235602,48.85558048,45.37232973,21.90150028,2863.672308,2743.768802,1.043700295,1922,0.256130064
0.102966893,0.086227421,4.687870667,39.37768652,7458,191,192,1.005235602,49.25921192,45.62671043,22.65278693,2934.697264,2662.350237,1.102295717,2289,0.306918745
0.103374014,0.085924267,4.703005114,39.77089871,7610,191,192,1.005235602,47.84617852,49.53887927,21.83042526,2852.21897,2858.797686,1.002306526,2110,0.277266754
0.101128552,0.084459684,4.831925147,41.18938458,7622,191,192,1.005235602,47.70655238,49.67523334,28.82724938,2793.731346,2841.861309,1.017227842,2167,0.28430858
0.12859329,0.099331345,3.368608952,21.86942936,7759,191,192,1.005235602,49.19473124,49.68381864,22.70439539,2845.270413,2940.88257,1.033603891,2152,0.277355329
0.064749695,0.064312088,7.556206751,90.17768433,7437,191,192,1.005235602,48.01615877,49.17614188,25.68558319,2790.573442,2966.171584,1.062925469,2380,0.320021514
0.077363884,0.07534328,6.474574132,65.78422768,7922,191,192,1.005235602,48.13744709,49.19028758,11.3513854,2838.629932,2999.990696,1.056844593,2033,0.256627114
0.05655415,0.070080308,8.672596352,100.6770688,7853,191,192,1.005235602,45.72770572,43.4902713,16.2938649,2792.203008,2806.700949,1.005192295,2227,0.283585891
0.080880448,0.080942581,6.526460052,63.46011577,7777,191,192,1.005235602,46.95798478,47.05464926,7.396709224,2844.856685,2868.359293,1.008261438,1883,0.242124212
0.073726252,0.074265115,7.193255595,76.35670648,8037,191,192,1.005235602,48.21437557,51.4191784,11.20606926,2867.945604,3086.790133,1.076307071,2426,0.301853926
0.07883426,0.0743117,6.590397197,68.53721947,8107,191,192,1.005235602,47.09989299,49.53832771,8.973134893,2826.932787,2928.192855,1.035819765,2380,0.293573455
0.115135121,0.092016397,4.209439558,31.99716805,7437,191,192,1.005235602,49.41244051,49.38926161,18.49986417,2956.646092,2862.270076,1.032972435,2281,0.306709695
0.103574452,0.086116956,4.628378524,38.54419641,7429,191,192,1.005235602,49.00439023,50.00680005,18.64913042,2938.191124,2957.028441,1.006411195,2230,0.30017499
0.06493627,0.059379825,7.085089264,88.01888277,7702,191,192,1.005235602,49.80288768,51.53083586,7.531746276,2848.571903,3002.099627,1.053896384,2297,0.298234225
0.087626147,0.073914013,5.397218345,53.94199784,7768,191,192,1.005235602,47.96934457,51.45541569,17.34243119,2860.874907,3070.064505,1.073120848,2296,0.295571576
0.069245276,0.065258178,7.177840497,84.54005487,7979,191,192,1.005235602,47.02921878,51.92520299,20.13730957,2774.565255,3004.930665,1.08302757,2273,0.284872791
0.081810678,0.071829131,5.6846208,57.49030373,7764,191,192,1.005235602,48.21875134,49.76126018,12.21869376,2872.690879,2976.150933,1.036015032,2281,0.29379186
0.064851608,0.058931286,7.670640087,99.83413512,7618,191,192,1.005235602,49.02706841,49.36904183,10.13744034,2877.14749,2878.098773,1.000330634,2163,0.283932791
0.10670104,0.086847436,4.076629932,32.03411666,7423,191,192,1.005235602,51.20025603,52.17737457,10.45088815,3002.608491,3062.895049,1.020078062,1983,0.267142665
0.067621448,0.063115956,7.024602543,82.63899641,7578,191,192,1.005235602,48.51103963,50.30243938,19.56314306,2920.118829,2970.490654,1.017249923,2194,0.289522301
0.072649451,0.067824846,6.743750242,74.07215866,8067,191,192,1.005235602,47.84948558,46.71114708,3.628518441,2828.891453,2822.422653,1.002291932,1902,0.235775381
0.065896343,0.072997903,7.965261646,88.20906687,8095,191,192,1.005235602,47.75356963,46.29821409,13.91981083,3054.651945,2828.022936,1.080136906,2227,0.275108091
0.072503408,0.080403563,7.268613509,73.03217739,7614,191,192,1.005235602,49.75399949,46.70216384,9.378300062,3062.032642,2830.234842,1.081900553,2301,0.302206462
0.061433675,0.062813685,8.246313308,102.4138049,7872,191,192,1.005235602,50.01983134,48.90254813,16.95996812,3105.219018,2973.310995,1.044364018,2221,0.282139228
0.169630385,0.124735816,2.43889519,10.91856484,7608,191,192,1.005235602,50.84750063,48.25593564,92.25195519,3110.284051,2879.361193,1.080199337,2102,0.276288118
0.112688162,0.089941532,3.940957222,29.62223925,7827,191,192,1.005235602,51.35782214,48.68889519,13.19609145,3118.614123,2920.967436,1.067664803,2117,0.270474
0.157594653,0.11633698,2.574367773,12.74920395,7685,191,192,1.005235602,53.48130879,48.38900626,54.18098597,3182.521725,2873.165976,1.107670685,1966,0.255823032
0.154168466,0.109525546,2.390103835,11.78431017,7686,191,192,1.005235602,52.60496746,50.2492391,20.66408796,3107.46709,2966.057913,1.047675798,1894,0.246422066
0.146712871,0.108326525,2.663470685,13.98050935,7617,191,192,1.005235602,51.4602855,48.75321942,84.84986958,3064.83415,2898.275014,1.057468368,2035,0.267165551
0.178261836,0.124826369,1.958722746,7.414487254,7659,191,192,1.005235602,49.55786402,48.46989774,12.71863697,2935.68008,2922.828639,1.004396919,1917,0.250293772
0.170327475,0.121638605,2.233518009,9.636741179,7626,191,192,1.005235602,48.7567432,50.33328225,62.85247732,2877.811434,2997.824299,1.041702825,2114,0.277209546
0.096986331,0.075683053,4.227321373,37.11207385,7638,191,192,1.005235602,48.97049136,50.34386844,10.50448129,2863.26665,2915.02674,1.018077286,2224,0.2911757
0.16732714,0.119095971,2.236241125,9.792041199,7639,191,192,1.005235602,48.19088573,50.13021608,14.49559232,2911.640668,2959.687966,1.016501795,1975,0.258541694
0.215436414,0.147314437,1.689574461,4.834225197,7535,191,192,1.005235602,48.83017622,49.43861239,101.5048068,2891.109905,2937.263182,1.015963861,2082,0.276310551
0.128619958,0.098770562,3.250026226,20.63131312,7748,191,192,1.005235602,49.54833389,52.73154692,13.56923361,2829.013779,3116.740406,1.101705629,2132,0.275167785
0.126151199,0.095907796,3.31931921,21.84915327,7757,191,192,1.005235602,48.4410461,52.44178762,8.531119278,2827.750613,3048.369265,1.078019133,2053,0.264664174
0.090164436,0.076326612,5.30192984,50.73677535,7700,191,192,1.005235602,47.11665195,52.12589971,4.524646771,2784.840159,3058.663404,1.098326378,2106,0.273506494
0.078700599,0.067500709,5.630060511,60.49867589,7744,191,192,1.005235602,50.98454434,52.45076702,119.7120317,2895.833641,3074.022856,1.06153296,2479,0.320118802
0.168088997,0.121722123,2.226750052,9.53423922,7443,191,192,1.005235602,50.38796171,51.99345926,117.2687399,2895.598556,3098.796047,1.070174607,1878,0.252317614
0.236257048,0.160848592,1.555826436,3.820715345,7506,191,192,1.005235602,51.15559582,52.20496597,72.5635566,2933.910181,3144.383017,1.071737995,1881,0.25059952
0.150915943,0.111777097,2.51847745,12.36750792,7587,191,192,1.005235602,48.56180622,52.42566602,11.78849489,2935.631229,3134.092021,1.067604129,2108,0.27784368
0.14440042,0.10665599,2.627578987,13.9800578,7594,191,192,1.005235602,49.70459066,51.71932712,12.72887386,2863.905849,3059.991684,1.068467975,2158,0.284171715
0.160060767,0.117121073,2.435319458,11.63630308,7724,191,192,1.005235602,50.0410911,51.82354687,63.72489031,2907.771226,3142.846762,1.08084389,2108,0.272915588
0.137889553,0.104535613,2.765104915,15.22658557,7669,191,192,1.005235602,49.43567669,49.13292098,12.11665979,2926.222771,3006.932827,1.027581651,1896,0.247229104
0.130538306,0.099871778,3.134384871,19.28563091,7692,191,192,1.005235602,48.46056113,50.4520462,8.814529473,2902.074695,3034.192302,1.045525226,2117,0.275221009
0.1555727,0.113982022,2.506156137,12.32624004,7524,191,192,1.005235602,47.76632568,50.15344313,6.381235582,2896.215099,2935.961748,1.013723652,1997,0.265417331
0.127431296,0.09773638,3.271298187,20.8632644,7599,191,192,1.005235602,49.59149771,50.1702995,7.599353403,2868.807865,2955.341738,1.030163705,2120,0.278984077
0.124532874,0.095782253,3.422527745,23.06010841,7519,191,192,1.005235602,48.23103077,50.35045131,59.2079771,2890.262306,3006.519226,1.040223657,2180,0.289932172
0.146876693,0.109036041,2.857720715,16.00656495,7684,191,192,1.005235602,48.474379,48.14512465,25.50536055,2876.678817,2929.977967,1.018528016,2168,0.282144716
0.187727213,0.134327132,2.090527474,8.037405849,7418,191,192,1.005235602,49.75377033,49.10907033,15.57996222,2890.333253,2897.26841,1.002399432,1863,0.251145861
0.098269286,0.085264761,4.896768488,41.64026637,7579,191,192,1.005235602,49.13355828,49.47439823,12.22640629,2971.047818,2926.331068,1.015280824,2026,0.267317588
0.105787531,0.090873749,4.580376025,36.16836611,7527,191,192,1.005235602,49.96022432,47.8296032,24.89087538,3019.262948,2892.237448,1.043919458,2289,0.304105221
0.091787628,0.085983034,5.747857841,50.91386447,7555,191,192,1.005235602,49.2517729,45.71842632,22.89828815,2962.630755,2740.018273,1.081244889,2118,0.280344143
0.058051619,0.070687389,9.088488455,107.0457919,8041,191,192,1.005235602,50.21519877,45.99308729,118.3846328,2976.732133,2744.25882,1.084712605,2561,0.318492725
0.058657485,0.068256417,8.613103592,102.0772942,7590,191,192,1.005235602,49.96391325,42.76430953,117.7835212,3084.235632,2567.888783,1.201078354,2657,0.350065876
0.076100401,0.072272773,6.655126689,70.30583257,8103,191,192,1.005235602,51.59153065,48.14473296,18.36214004,3097.288978,2820.429884,1.09816202,2448,0.30211033
0.165739824,0.122568086,2.539872913,11.97106891,7648,191,192,1.005235602,53.27129158,49.47252778,10.27948333,3196.360449,2897.936053,1.102978254,2075,0.271312762
0.12190061,0.099193979,3.832232807,26.03771506,7815,191,192,1.005235602,52.09069873,49.25225789,70.50587457,3069.36543,2927.538763,1.048445701,2261,0.289315419
0.1045504,0.085284848,4.406762274,36.15374115,7895,191,192,1.005235602,49.08975171,49.30804664,20.14454682,2960.030749,2944.115719,1.005405708,2295,0.29069031
0.113499124,0.089067505,3.87418583,29.2409304,7451,191,192,1.005235602,49.17221646,49.26516783,21.69229402,2923.154496,2883.387651,1.01379171,1956,0.262515099
0.063350541,0.061900611,7.971306581,99.55676734,7807,191,192,1.005235602,49.7202861,47.74968806,15.80696044,2927.290905,2852.116787,1.026357307,2211,0.283207378
0.106716914,0.085297214,4.254901573,34.54586122,7697,191,192,1.005235602,50.56906461,48.28915777,24.73982066,2881.433677,2880.029026,1.000487721,2202,0.286085488
0.136421188,0.105636579,3.239376971,19.65826288,7769,191,192,1.005235602,48.17590053,50.90954675,25.04517173,2841.9561,2997.077845,1.054582738,1952,0.251254988
0.119183472,0.096069192,3.876277822,27.48997486,7502,191,192,1.005235602,47.19640224,50.16650809,27.91855526,2766.697539,2978.711176,1.07663058,1890,0.251932818
0.05145937,0.059854982,9.722819179,131.4292946,8316,191,192,1.005235602,47.10993127,45.18879774,9.412892651,2838.758179,2863.237937,1.008623404,2875,0.345719096
0.042655631,0.061327539,11.2079925,155.2018743,7830,191,192,1.005235602,45.51763458,46.03675505,21.46357487,2770.66591,2924.660738,1.055580439,2889,0.368965517
0.045433197,0.059368547,10.61394694,145.8039888,8325,191,192,1.005235602,49.24890304,50.69693984,13.09530647,2960.088025,2989.833283,1.010048775,2407,0.289129129
0.096692446,0.082983259,5.259711756,47.52432988,7684,191,192,1.005235602,48.45279064,51.68325043,10.05951879,2835.662827,3046.120208,1.074218055,2345,0.305179594
0.098457449,0.086021304,5.020464531,42.9367372,7631,191,192,1.005235602,48.7839435,49.41100637,22.73286007,2815.89761,2926.977026,1.03944725,2008,0.263137204
0.074261319,0.065854314,6.369118415,71.41464424,8125,191,192,1.005235602,48.03701221,48.04727751,7.023533594,2896.445588,2948.816545,1.018081112,2000,0.246153846
0.057540786,0.055629581,8.452317401,117.5368788,7975,191,192,1.005235602,49.17754264,50.69482624,11.71198125,2950.336882,3000.54755,1.017018622,2684,0.336551724
0.057290714,0.057021718,8.435206072,114.5275967,8103,191,192,1.005235602,48.51534326,51.25700797,6.238869893,2845.890971,3045.134782,1.070011049,1925,0.237566333
0.064623231,0.061874168,7.683920873,95.90421728,7575,191,192,1.005235602,47.40472939,49.94574999,18.87446994,2835.174601,3048.516418,1.075248211,2274,0.30019802
0.085715843,0.075116254,5.853824504,58.12347974,7825,191,192,1.005235602,47.82095145,49.95275383,25.97763154,2838.798874,3023.689229,1.065129783,2015,0.257507987
0.078975329,0.069499185,5.818292758,60.5668072,7754,191,192,1.005235602,49.14586676,50.48608731,10.3368975,2864.226145,3055.834918,1.066897222,1901,0.245163786
0.077147254,0.068173181,6.406723771,70.60804678,7799,191,192,1.005235602,49.27540536,51.19343914,22.36031694,2971.812156,2967.748671,1.001369214,2394,0.306962431
0.076544245,0.068755276,5.987625787,63.55794866,7887,191,192,1.005235602,51.58582179,49.74750324,20.35020508,2995.190621,3006.323209,1.003716821,2115,0.2681628
0.081205658,0.073926448,6.033212066,59.79609537,7970,191,192,1.005235602,47.19966243,49.02484272,5.641660834,2951.071571,2954.242729,1.001074578,2127,0.266875784
0.097270374,0.086196387,5.06492452,42.3493975,7745,191,192,1.005235602,48.90078568,47.71784588,3.563679895,2983.500717,2856.500027,1.044460245,2354,0.303938025
0.094817171,0.084656828,5.41558047,48.46299942,7918,191,192,1.005235602,50.52791661,48.71428517,3.936050603,3018.352757,2914.431257,1.035657557,1936,0.244506188
0.03496605,0.075552595,9.162871201,98.40827312,9084,191,192,1.005235602,46.97167971,36.55701026,15.04328193,3034.207248,2614.664078,1.160457771,3485,0.383641568
0.081888673,0.076354737,6.361035313,64.31298827,7617,191,192,1.005235602,50.45123743,50.15646105,13.39084555,3146.143244,2932.190972,1.072966691,2369,0.311014835
0.161849157,0.121641453,2.487293621,11.48837714,7617,191,192,1.005235602,51.66423218,47.46850361,8.798394644,3154.911925,2954.75306,1.067741318,1931,0.253511881
0.14860963,0.110660201,2.78403874,14.9560017,7456,191,192,1.005235602,53.29439809,49.02714324,11.37091238,3112.59682,2896.035424,1.074778573,2044,0.274141631
0.14921666,0.108362718,2.703330239,14.45128156,7512,191,192,1.005235602,52.92441397,49.29699061,18.21170392,3105.603778,2862.306315,1.085000498,1867,0.248535676
0.145978106,0.107289691,2.687984862,14.55498589,7612,191,192,1.005235602,51.37616852,48.77492179,11.86430002,3045.078556,2911.805343,1.04576996,2149,0.282317394
0.135530432,0.101769938,3.032917232,18.23556649,7663,191,192,1.005235602,52.16425885,49.22553655,21.29644258,3064.255967,2905.270841,1.054722996,1910,0.249249641
0.208158082,0.143767821,1.721354046,5.218312604,7489,191,192,1.005235602,49.833514,49.36875818,92.16614785,2935.61672,2905.778015,1.010268749,2036,0.271865403
0.101620335,0.076661481,3.733609442,30.00232017,7877,191,192,1.005235602,47.73287592,48.10147719,12.26692327,2864.29056,2850.879418,1.004704212,2159,0.27408912
0.150745559,0.108780169,2.502360119,12.69304273,7533,191,192,1.005235602,50.25087918,49.35030713,37.12174192,2982.426454,2996.154052,1.004602829,2031,0.2696137
0.167606632,0.119431814,2.223531028,9.575648243,7537,191,192,1.005235602,49.5074034,52.15448379,24.73890348,2903.364353,2970.111472,1.022989577,2124,0.281809739
0.198414694,0.137748245,1.869460845,6.266874741,7469,191,192,1.005235602,48.82058524,49.89261057,42.44018348,2871.441118,2940.27077,1.023970421,2066,0.276609988
0.19456911,0.135074746,1.804676881,6.024428824,7484,191,192,1.005235602,48.31305928,50.33630882,92.83935273,2813.344056,3011.729624,1.070515929,2022,0.270176376
0.1174517,0.09145528,3.65095925,26.17433659,7817,191,192,1.005235602,49.88464038,52.03611804,12.97724247,2843.949653,3030.677141,1.065657804,1857,0.237559166
0.093625969,0.073943743,4.494868092,41.13483286,8007,191,192,1.005235602,48.88816618,52.72259969,5.307371751,2887.991288,3054.657938,1.057710233,1902,0.237542151
0.058571341,0.059375588,9.176564003,125.4238096,8067,191,192,1.005235602,47.79200802,51.48704164,14.66011761,2847.758119,3056.364864,1.073252972,2252,0.279162018
0.082564809,0.074336398,6.184365331,63.80987343,7690,191,192,1.005235602,50.13457535,53.63733238,117.6030552,2991.190441,3122.212597,1.043802679,2248,0.292327698
0.128930987,0.097734506,3.118036613,19.57146938,7463,191,192,1.005235602,49.2850511,53.07947116,124.4912177,2865.421047,3097.58007,1.081020911,2188,0.293179686
0.124533298,0.094547547,3.290974704,21.6781868,7574,191,192,1.005235602,49.45445045,50.96156138,12.57505685,2897.70656,3091.247529,1.066791086,2100,0.277264325
0.206454989,0.143915707,1.80066988,5.64713331,7498,191,192,1.005235602,48.87652041,52.0067026,22.6307823,2882.987622,3148.176491,1.091984047,2000,0.266737797
0.110978508,0.084422934,3.384241934,25.20083464,7859,191,192,1.005235602,49.93087451,50.5975355,11.44401761,2862.355936,2999.941665,1.048067302,2210,0.28120626
0.172446472,0.123373863,2.103594573,8.446229422,7623,191,192,1.005235602,49.81139315,52.25265995,119.3307408,2818.993216,3092.69569,1.097092279,2034,0.266824085
0.101661291,0.078096065,4.043745021,33.48248745,7792,191,192,1.005235602,49.41137359,52.45024873,8.56786273,2861.470364,3153.245929,1.101967006,2054,0.263603696
0.146183413,0.107906878,2.525067091,12.77312445,7629,191,192,1.005235602,48.48221357,51.25774267,15.79277002,2906.849816,3096.721631,1.065318756,1949,0.255472539
0.202772381,0.141357632,1.809428231,5.75687821,7456,191,192,1.005235602,49.21677869,50.20614648,89.94532204,2953.236032,3005.06916,1.017551299,2052,0.275214592
0.105223784,0.083795937,4.127201351,33.89748744,7666,191,192,1.005235602,48.95157939,49.84150225,6.70793601,2915.75603,3016.056459,1.034399459,2244,0.292721106
0.185962105,0.134125594,2.066224302,7.728343849,7586,191,192,1.005235602,48.74981586,49.65308134,32.86053387,2942.637346,3008.748836,1.022466747,1995,0.262984445
0.135696794,0.105437729,3.057568342,17.8259427,7728,191,192,1.005235602,47.37180624,50.20294878,56.32084646,2914.996464,2980.822584,1.022581887,2099,0.271609731
0.182641217,0.132595821,2.146459417,8.398454424,7562,191,192,1.005235602,49.52244131,48.59933227,12.98946584,2989.845295,2847.300741,1.050063048,1978,0.261571013
0.113435838,0.09482477,4.208812744,31.13338641,7864,191,192,1.005235602,48.82145455,49.1041057,21.7017304,3008.64621,2962.916405,1.015434052,1937,0.246312309
0.123659898,0.103071168,3.70337481,24.22874768,7485,191,192,1.005235602,49.84142225,48.53491727,24.21376072,2980.158202,2907.152344,1.025112498,2002,0.26746827
0.054754013,0.066932402,9.158819121,112.3656351,7429,191,192,1.005235602,48.51943228,45.24632186,22.43015036,2934.753664,2778.139697,1.056373683,2263,0.304617041
0.053519527,0.060037123,8.764511596,114.2341969,7439,191,192,1.005235602,50.3872673,45.3675426,119.0160317,3045.293891,2707.508859,1.124758607,2294,0.308374782
0.089334849,0.078971749,5.567062426,53.23761587,7448,191,192,1.005235602,50.9436639,48.2040448,21.8283595,3027.401167,2813.518665,1.076019578,2128,0.285714286
0.107048791,0.086785612,4.309542854,34.51228676,7802,191,192,1.005235602,51.98003861,48.60553743,29.2945449,3070.844985,2831.193838,1.084646676,2130,0.273006921
0.119978983,0.097288307,3.855355603,26.75644114,7552,191,192,1.005235602,50.6206601,48.58266127,42.35223371,3044.028731,2862.389795,1.063457093,2250,0.297934322
0.152233186,0.113795761,2.648957102,13.41892472,7698,191,192,1.005235602,48.74432007,48.84612338,18.17772388,2889.262499,2849.212642,1.014056465,2059,0.267472071
0.124980316,0.09897464,3.62444353,24.20776925,7554,191,192,1.005235602,50.15597938,49.89166549,17.10488207,2944.358438,2937.912943,1.002193903,2117,0.280248875
0.138667073,0.105096964,3.078380441,18.41523295,7673,191,192,1.005235602,49.91511525,50.477621,18.26488797,2950.470365,2884.714667,1.022794524,1897,0.247230549
0.117171573,0.093673711,3.920059839,28.352942,7513,191,192,1.005235602,51.14561489,47.76898525,20.12857108,3038.520848,2874.331394,1.05712266,2288,0.304538799
0.09258081,0.077579144,4.845732573,44.24133576,7762,191,192,1.005235602,47.24636821,47.69830892,18.65123587,2777.560021,2827.202174,1.017872576,2113,0.272223654
0.081611615,0.072698999,6.039275222,62.2848738,7427,191,192,1.005235602,47.0941169,50.48042651,21.42916941,2734.300614,2931.280993,1.072040498,2261,0.304429783
0.102523473,0.081554479,4.503057434,39.06613494,7562,191,192,1.005235602,47.56792682,47.83527311,22.53984243,2717.759187,2887.894012,1.062601141,2078,0.274795028
0.09777073,0.081297448,4.749240774,41.72960382,7586,191,192,1.005235602,47.41362541,47.3525285,25.32534167,2872.853969,2807.93947,1.023118197,1871,0.246638545
0.116027147,0.093762421,4.043084929,29.88993102,7438,191,192,1.005235602,46.88790787,49.81242906,23.34139593,2714.378299,2893.261315,1.065902021,1927,0.25907502
0.150329972,0.114565354,2.876445453,15.36010992,7480,191,192,1.005235602,48.34324629,50.37468441,70.66983356,2815.66086,3006.082175,1.06762935,2069,0.276604278
0.067971634,0.069981668,8.052919996,93.53694849,8107,191,192,1.005235602,47.3089743,49.8644086,11.29341725,2893.786409,2970.706442,1.026581102,1973,0.243369927
0.074020454,0.08029852,7.334154442,73.9958182,7881,191,192,1.005235602,46.27538268,47.22115576,21.99910942,2792.385413,2912.088281,1.042867603,1989,0.25237914
0.048095093,0.057711966,10.83012851,155.3597116,8071,191,192,1.005235602,50.95674861,51.95312603,6.3426964,2923.598943,3026.951924,1.035351286,2986,0.369966547
0.084497443,0.077321412,6.19695439,62.24310955,7505,191,192,1.005235602,49.22883187,51.46680686,13.40400232,2892.346935,3010.867079,1.040977153,2240,0.298467688
0.073268757,0.071237928,6.99989974,76.63602089,7471,191,192,1.005235602,49.75313721,50.41016289,20.2045683,2952.820771,2968.164572,1.00519632,2025,0.271048052
0.078547466,0.072298933,6.620054556,71.01510135,7442,191,192,1.005235602,49.26750742,49.179072,19.40290476,2897.296715,2867.749061,1.010303431,2331,0.313222252
0.094439788,0.0808789,5.168495844,46.87794591,7418,191,192,1.005235602,48.05339172,51.83886357,25.51643608,2809.931424,3068.115717,1.091882774,2032,0.273928283
0.072539178,0.067286059,6.870544843,78.07370062,7447,191,192,1.005235602,47.68342288,52.15837706,13.82951628,2850.920486,3157.328162,1.107476753,2054,0.275815765
0.062527939,0.058392052,7.442214575,95.33619823,7867,191,192,1.005235602,47.25571361,51.47533445,11.32465287,2863.49087,3098.661933,1.082127401,2539,0.322740562
0.072451764,0.064603779,6.435558908,72.36635629,8011,191,192,1.005235602,48.24621414,50.32642318,24.73630675,2945.642899,3045.804993,1.034003475,1881,0.234802147
0.080368346,0.070431451,5.924129708,62.01649922,8007,191,192,1.005235602,48.48136038,49.49103421,23.5657982,2895.718904,2933.181068,1.012937086,2247,0.280629449
0.080548359,0.0733354,6.238254961,65.14581866,8051,191,192,1.005235602,49.47284798,49.98254407,20.94830418,2940.51254,2931.134342,1.003199512,2300,0.285678798
0.08197778,0.070513961,5.593453037,57.3366213,7760,191,192,1.005235602,51.28117977,48.6814595,11.42223388,3018.391174,2960.818332,1.019444909,1902,0.245103093
0.063337207,0.057869126,6.965570806,86.36916863,8130,191,192,1.005235602,48.41159269,50.15830841,13.68456192,2889.51876,2938.717325,1.01702656,2459,0.302460025
0.089471473,0.078957582,5.4478452,50.09350139,7999,191,192,1.005235602,48.56933303,49.11221084,4.269729128,2957.60619,2996.941691,1.013299777,1905,0.238154769
0.078138546,0.077938073,6.77762386,69.12553598,7815,191,192,1.005235602,49.74602245,48.43782587,4.063161114,3050.402425,2931.038476,1.040724115,1911,0.24452975
0.049516683,0.067651495,10.01501443,126.6108256,7493,191,192,1.005235602,49.28908095,45.76662008,4.785454439,3111.733914,2736.536476,1.137106682,2647,0.353263046
0.071940508,0.078399267,7.384154427,75.47269917,8195,191,192,1.005235602,50.59788099,50.13126157,10.81976088,3126.548996,3017.761624,1.036049028,2109,0.257352044
0.122881955,0.098196999,3.825095013,26.37482696,7514,191,192,1.005235602,51.23005276,49.94085432,10.83696264,3144.848798,2930.7429,1.073055162,2087,0.277748203
0.098620318,0.083190413,4.864261309,42.78859188,7799,191,192,1.005235602,51.34039102,47.84891246,10.15521774,3103.450153,2892.908124,1.072778678,1903,0.244005642
0.123785198,0.095292744,3.327400035,22.04982296,7543,191,192,1.005235602,52.46989029,49.23387425,12.72687431,3160.884004,2943.328336,1.073914848,1907,0.252817181
0.159735133,0.116072108,2.463017344,11.58260077,7524,191,192,1.005235602,53.00058107,48.80046958,16.02480752,3160.509045,2835.654447,1.114560714,2075,0.275784157
0.199075908,0.139201419,1.790548974,5.786559247,7429,191,192,1.005235602,50.5337551,48.3531335,116.270701,3018.615009,2939.364388,1.026961823,2077,0.279580024
0.15425842,0.112713139,2.565809898,12.84239059,7625,191,192,1.005235602,50.97774394,49.14190107,21.50625004,3039.922233,2916.273231,1.042399663,1873,0.245639344
0.192542818,0.133649816,1.879001145,6.639330305,7429,191,192,1.005235602,49.49330741,48.08446992,132.6790748,2946.136266,2826.903179,1.042177987,1997,0.268811415
0.193830747,0.133550769,1.907476388,6.706318505,7465,191,192,1.005235602,47.53349876,48.85265834,107.194047,2856.112151,2919.75897,1.022284426,2117,0.283590087
0.17943928,0.126217943,2.077594446,8.206872125,7449,191,192,1.005235602,49.64756422,49.65171997,35.08581533,2956.707863,2915.604307,1.014097782,2092,0.280843066
0.149370322,0.106986913,2.483568863,12.7333451,7704,191,192,1.005235602,49.26998552,50.96761971,12.37643116,2893.749248,3004.592143,1.03830425,1996,0.259086189
0.130425281,0.095107003,2.954469554,18.51881169,7680,191,192,1.005235602,49.90766153,50.7748006,9.238217492,2881.160421,2973.959235,1.032208833,1923,0.250390625
0.20018975,0.138514458,1.762413147,5.617218435,7437,191,192,1.005235602,50.60539126,49.17618509,109.1398369,2879.869912,2958.021009,1.027137023,1943,0.261261261
0.120449177,0.092645432,3.485280277,23.97110488,7755,191,192,1.005235602,47.02923853,50.923093,8.581006535,2793.076321,3034.728448,1.086518268,2236,0.28833011
0.176521809,0.125201076,2.193294168,9.244775265,7600,191,192,1.005235602,49.2712496,52.20815709,90.14079989,2867.453295,3059.510692,1.066978387,1948,0.256315789
0.062299879,0.062590704,8.245472804,105.923217,7534,191,192,1.005235602,47.49125384,53.21778687,9.447075164,2853.820286,3055.710451,1.070743826,2532,0.336076453
0.045440076,0.055667445,11.21123759,170.5890444,7663,191,192,1.005235602,49.42601549,53.45797357,6.052230269,2884.502301,3056.568087,1.059651811,1952,0.254730523
0.101413335,0.082798569,4.706133515,41.24941708,7776,191,192,1.005235602,51.13452504,54.13766672,119.3096406,2913.815195,3181.455586,1.091852219,2331,0.299768519
0.092402067,0.072575722,4.940423489,48.301186,7618,191,192,1.005235602,50.48496459,52.01041457,121.5551179,2925.711374,3040.367828,1.039189257,2185,0.286820688
0.199895653,0.137890179,1.796806391,5.831207066,7599,191,192,1.005235602,50.70860272,53.18744315,89.07912163,2928.30219,3157.344076,1.078216615,2110,0.277668114
0.146126795,0.106122481,2.575454105,13.668593,7640,191,192,1.005235602,49.020255,54.13388617,17.53639463,2878.823749,3211.048159,1.115402831,2189,0.286518325
0.121914791,0.090855784,3.095489322,20.44553695,7709,191,192,1.005235602,49.76613139,50.94045666,6.36701171,2894.266689,3018.548961,1.04294085,2172,0.281748606
0.175142656,0.125561835,2.157020264,8.880413019,7572,191,192,1.005235602,49.94607364,53.17852695,119.9893563,2864.868985,3144.000861,1.097432684,2040,0.269413629
0.100098632,0.07735846,3.917447411,32.35276105,7719,191,192,1.005235602,50.05781921,50.45375554,10.8098352,2904.41304,3088.692212,1.063447991,1867,0.241870709
0.131661672,0.100481313,3.081685937,18.85197799,7477,191,192,1.005235602,49.24897143,49.28234965,14.7485069,2870.160349,2916.39811,1.016109818,2128,0.284606125
0.121873201,0.094837523,3.600771537,25.38606086,7575,191,192,1.005235602,48.38662821,50.94971224,11.49379899,2901.742805,3010.359088,1.037431396,1898,0.250561056
0.126743202,0.098898762,3.367169433,21.81392709,7513,191,192,1.005235602,48.84398385,49.64794984,11.1106829,2950.342658,2963.411457,1.004429587,2203,0.293225077
0.129226354,0.098747386,3.313856793,21.25895386,7759,191,192,1.005235602,47.06213703,49.32131173,106.9473276,2794.997241,2931.803384,1.04894679,1955,0.251965459
0.166644231,0.125274769,2.516338804,11.36170812,7443,191,192,1.005235602,49.64694945,49.60783146,16.21600959,2938.667203,2890.70851,1.016590636,1874,0.251780196
0.104047504,0.089417791,4.579319501,36.7516063,7718,191,192,1.005235602,47.91168119,50.42542343,12.30747804,2953.265042,3004.542254,1.017362889,1857,0.240606375
0.096088273,0.086659213,5.103926393,43.15058413,7640,191,192,1.005235602,47.87205208,45.19020831,23.79792926,2936.602796,2792.511237,1.051599276,2126,0.278272251
0.064083719,0.074926317,8.141371489,88.33054439,7535,191,192,1.005235602,50.7457471,46.98370986,118.8556244,3095.073136,2759.187747,1.12173343,2209,0.293165229
0.090385405,0.083639537,5.680529205,51.3671806,7461,191,192,1.005235602,49.72923147,44.59326298,118.373528,2965.104931,2655.009736,1.116796256,2008,0.269132824
0.138588231,0.107780012,3.196602581,19.12071196,7718,191,192,1.005235602,51.34921825,48.33103063,25.20729482,3059.475716,2816.395025,1.086309161,1934,0.250583053
0.09871514,0.081176417,4.791114522,41.98288529,7751,191,192,1.005235602,52.07668581,48.32177707,20.51988199,3025.345124,2789.932164,1.084379457,2248,0.290027093
0.137206538,0.108960801,3.276042916,19.18458059,7712,191,192,1.005235602,49.54188741,48.06285404,43.75603912,2950.426105,2918.354477,1.010989627,2036,0.264004149
0.098514173,0.082962983,4.834802495,41.21935666,7582,191,192,1.005235602,49.93712717,50.57407397,21.26726893,2908.820411,2916.530772,1.002650683,2221,0.292930625
0.144321366,0.10869795,3.019641447,17.53107444,7528,191,192,1.005235602,49.89494063,49.83325689,21.05495245,2909.865953,2892.25838,1.006087828,2157,0.286530287
0.105753243,0.085189227,4.480941835,36.9229481,7498,191,192,1.005235602,50.12930835,50.51255021,25.00814,2973.21267,2888.118697,1.029463461,1980,0.264070419
0.109406431,0.089058809,4.336407067,34.58340449,7697,191,192,1.005235602,50.55224296,49.02323594,26.63787429,2941.344382,2848.951895,1.032430343,2099,0.272703651
0.068186465,0.065787718,7.201534985,84.33405185,7853,191,192,1.005235602,47.90335121,46.21019185,23.21275803,2833.321106,2794.986226,1.013715588,2355,0.299885394
0.13595311,0.106257164,3.29401055,19.92709414,7568,191,192,1.005235602,46.86707649,48.5908681,23.48426583,2807.089392,2878.728729,1.02552086,1944,0.256871036
0.102499767,0.084526353,4.625438871,39.05092959,7825,191,192,1.005235602,45.58933593,49.62004509,23.31962635,2705.985449,2903.085686,1.072838617,2313,0.295591054
0.112192358,0.09106443,4.068349419,30.5979464,7613,191,192,1.005235602,47.52677765,47.22841791,23.46998388,2817.884696,2789.24025,1.010269623,2035,0.267305924
0.110322374,0.090089301,4.434598498,35.04837609,7697,191,192,1.005235602,47.7977693,48.85133552,21.95728778,2776.271764,2813.041217,1.013244184,2021,0.262569832
0.066433104,0.06244035,7.423231705,90.66760469,8074,191,192,1.005235602,48.0380521,48.8544093,15.12893314,2806.47169,2950.47444,1.051310958,2185,0.270621749
0.07228011,0.071924589,7.492061878,83.15553876,7502,191,192,1.005235602,48.05891695,50.87889572,6.772428106,2830.743252,2989.956059,1.056244171,2369,0.315782458
0.079877303,0.075435369,6.581567151,67.93362221,7674,191,192,1.005235602,48.91180855,50.7600771,13.9772124,2846.42577,2976.340186,1.045641245,2245,0.29254626
0.088821688,0.07815049,5.538561792,52.34184342,7965,191,192,1.005235602,49.85287611,51.24564035,25.01660197,3020.731668,3008.632065,1.004021629,2167,0.272065286
0.084980443,0.073776428,5.809081227,58.52020845,7705,191,192,1.005235602,48.67312716,49.68333183,16.36810428,2844.583301,3030.727117,1.065437991,2103,0.27293965
0.091706458,0.079983341,5.347818717,49.33279395,7437,191,192,1.005235602,47.11820185,51.00301303,22.48308957,2853.108955,3072.090394,1.076751867,2036,0.273766304
0.064629369,0.06197085,7.503936781,91.81786957,7510,191,192,1.005235602,47.38916044,51.77553544,13.94298017,2868.478631,3141.183322,1.095069452,2432,0.323834887
0.069969352,0.062999447,6.640618036,79.29201734,7768,191,192,1.005235602,48.00128234,52.28458128,9.011317123,2838.812425,3109.20356,1.095247975,2288,0.29454171
0.082387441,0.070464296,5.366956335,53.44450979,7884,191,192,1.005235602,47.84887466,49.52306896,22.90478556,2851.176786,3046.304381,1.068437565,2370,0.300608828
0.07611871,0.068084677,6.246683662,67.27228541,7503,191,192,1.005235602,47.93003377,47.88244126,10.48478386,2946.21854,2851.247858,1.033308462,2486,0.331334133
0.056299104,0.05509918,8.994361244,129.3300316,7414,191,192,1.005235602,48.94626188,50.95454978,21.97964796,2937.940554,3014.718841,1.02613337,2595,0.350013488
0.059186203,0.055987162,7.771384931,103.1683209,7445,191,192,1.005235602,49.67128947,48.69531848,5.029686059,2938.509579,2898.955085,1.013644397,2424,0.325587643
0.07213248,0.066056771,6.886296233,79.76184452,7974,191,192,1.005235602,48.59098546,50.00459251,8.089100019,2900.831041,2888.242822,1.004358435,1854,0.232505643
0.107882082,0.088484915,4.215895475,32.75639745,7541,191,192,1.005235602,49.35352044,51.10022499,27.16823668,2931.595145,2985.188626,1.018281338,2202,0.292003713
0.108036591,0.092135365,4.491033427,34.36442829,7791,191,192,1.005235602,48.38421773,47.37517335,14.63615003,2927.34282,2849.428624,1.027343796,2118,0.271852137
0.078263952,0.078023951,6.78019211,68.81234381,7641,191,192,1.005235602,49.31712447,48.41797787,5.699875474,3009.563662,2914.75885,1.032525782,1892,0.247611569
0.025111437,0.051584001,13.41629346,218.4319362,7587,191,192,1.005235602,49.95069824,38.7280999,19.71359064,3116.275805,2684.952572,1.160644638,2004,0.264136022
0.0908084,0.086096363,5.697837441,50.77583508,7688,191,192,1.005235602,50.30482903,49.30094796,11.53523317,3081.630628,3000.873327,1.026911266,2183,0.283949011
0.103031448,0.087700547,4.667025166,37.934699,7482,191,192,1.005235602,51.17525361,49.94783045,11.97399833,3093.837295,2970.239734,1.041611982,2243,0.299786153
0.097456949,0.080903489,4.895760286,43.74527603,7467,191,192,1.005235602,50.28185028,49.2705005,12.31189615,3104.761299,2902.799135,1.06957497,2313,0.309762957
0.121979452,0.093546254,3.398941118,22.60404188,7498,191,192,1.005235602,51.21147021,47.31241645,15.847247,3061.983801,2883.62168,1.061853509,2141,0.285542811
0.168833498,0.12219282,2.248618849,9.552939863,7510,191,192,1.005235602,51.46104983,49.36717787,19.93154665,3070.989729,2881.742743,1.06567102,2001,0.26644474
0.175123078,0.126235115,2.229004078,9.225504287,7490,191,192,1.005235602,50.44879064,48.6569637,43.50634282,3063.221633,2829.446956,1.082622039,1934,0.258210948
0.140041252,0.104053047,2.855925506,15.93328273,7660,191,192,1.005235602,51.20780644,48.36921248,19.20846167,3083.863554,2886.408685,1.068408493,2102,0.274412533
0.163162484,0.1147383,2.204919153,9.95493603,7494,191,192,1.005235602,48.22357882,50.1134227,14.25239331,2876.99233,2986.853178,1.038186007,2099,0.280090739
0.158564462,0.115508375,2.460004863,11.75112066,7426,191,192,1.005235602,49.79903008,49.47734819,34.76354644,2954.705846,2978.016224,1.007889238,2187,0.29450579
0.206370327,0.141905013,1.755031887,5.475684701,7434,191,192,1.005235602,49.65663105,49.36403573,47.9756377,2950.689641,2928.068948,1.007725464,2082,0.280064568
0.142536468,0.104384251,2.719743242,15.10183308,7479,191,192,1.005235602,50.02764229,50.08714472,18.50255461,2839.583578,2946.88273,1.037786932,2185,0.292151357
0.132601849,0.09991128,3.125491742,19.28949064,7481,191,192,1.005235602,49.37591879,51.23835849,10.12931525,2814.257478,3050.249994,1.08385605,1888,0.252372677
0.117485883,0.090317113,3.798709295,28.32160311,7665,191,192,1.005235602,49.26128399,52.8381604,16.51871119,2850.976676,3092.743515,1.084801409,2233,0.291324201
0.121013559,0.09284427,3.765181757,27.24603381,7715,191,192,1.005235602,48.33354103,51.78917914,3.538154976,2846.928099,3078.000312,1.081165455,2081,0.269734284
0.029766607,0.043240747,15.37665735,298.906921,8136,191,192,1.005235602,50.36054893,51.33734562,119.9658376,2941.937794,3055.093315,1.038462921,2341,0.28773353
0.114349453,0.089344171,3.80574909,29.10010509,7826,191,192,1.005235602,50.62723551,52.76552637,124.8678478,2920.717152,3130.558233,1.071845738,2196,0.280603118
0.113672999,0.08815079,3.737652304,28.33749824,7643,191,192,1.005235602,50.06397348,52.2788117,119.9314126,2916.102769,3089.317336,1.059399336,2061,0.269658511
0.239438137,0.161754946,1.488122347,3.415566512,7417,191,192,1.005235602,50.26041875,52.452136,92.69672129,2929.004922,3103.683542,1.05963753,2058,0.277470675
0.171125737,0.121528687,2.211965755,9.537861112,7718,191,192,1.005235602,48.24807324,53.12145458,10.45100369,2870.11596,3140.201072,1.094102509,1984,0.257061415
0.102313404,0.080369254,3.872808357,30.84738447,7695,191,192,1.005235602,49.80284044,51.09707494,10.71916759,2922.673922,3025.005416,1.03501297,1916,0.248992853
0.167301212,0.121208951,2.220286055,9.446626774,7648,191,192,1.005235602,50.25552042,51.37003595,98.05528213,2908.437988,3056.071057,1.05076026,2147,0.280726987
0.08929093,0.070601947,4.553916627,42.84717773,7651,191,192,1.005235602,50.31058717,52.05425274,5.144256631,2906.626239,3123.995504,1.074784044,2057,0.268853745
0.185870775,0.131009523,2.075699904,7.987103347,7415,191,192,1.005235602,49.38711884,51.54095871,114.423567,2956.404869,3051.699956,1.032233436,1998,0.26945381
0.124584942,0.095795818,3.374457664,22.40888766,7584,191,192,1.005235602,48.41394874,49.54407157,9.459085444,2878.652535,2941.024411,1.021667039,2201,0.290216245
0.106481975,0.085330352,4.099398404,32.57526234,7809,191,192,1.005235602,48.81368541,50.0949997,14.85278925,2860.428273,3009.398766,1.052079786,2204,0.282238443
0.169479791,0.121399266,2.14701689,9.100026435,7656,191,192,1.005235602,50.31174912,50.93053551,13.03128386,2946.183286,3026.702252,1.027329924,1900,0.248171369
0.145247574,0.11059599,2.888758169,15.83919339,7434,191,192,1.005235602,47.34065532,48.64151288,15.053911,2885.311423,2956.644284,1.024722759,2241,0.301452785
0.099784216,0.083000302,4.484522972,37.06943886,7455,191,192,1.005235602,49.98873981,48.8351324,21.63887445,2975.896611,2811.567524,1.058447498,2409,0.323138833
0.171060123,0.128159404,2.46143686,10.93183444,7661,191,192,1.005235602,48.35239891,48.20947938,65.66922591,2904.193204,2935.179847,1.010669622,2103,0.274507244
0.120382188,0.099754585,3.915058372,26.79914525,7520,191,192,1.005235602,47.47385466,46.89073499,23.7997801,3032.732859,2865.187367,1.058476278,2042,0.271542553
0.089292412,0.088122235,5.886417135,51.97859778,7716,191,192,1.005235602,49.69247542,47.36216257,117.0184319,2968.387887,2785.012865,1.06584351,1940,0.251425609
0.062931144,0.066839724,8.024930298,94.39851972,7487,191,192,1.005235602,49.03149723,46.04213075,116.9739122,2965.060489,2731.450081,1.085526149,2425,0.323894751
0.137617998,0.107464524,3.280463773,19.80505513,7480,191,192,1.005235602,52.31062435,47.78753875,26.12184154,3180.893185,2785.837047,1.141808774,2236,0.298930481
0.136520031,0.104466494,3.176195521,19.19968884,7579,191,192,1.005235602,51.6350567,47.26757463,28.07885732,3072.649021,2795.164696,1.099272979,1891,0.249505212
0.111221596,0.092394392,4.126442999,30.76840793,7522,191,192,1.005235602,48.60475605,47.24681463,22.22026084,2967.799586,2871.104601,1.03367867,2165,0.287822388
0.076867656,0.065674385,5.583486166,58.68811338,7979,191,192,1.005235602,48.52648889,46.61864076,8.36327139,2914.346756,2818.677322,1.033941251,2444,0.306304048
0.105784568,0.086818137,4.318642002,34.13542995,7516,191,192,1.005235602,49.1152477,49.59833568,14.42445141,2917.307073,2902.318085,1.005164488,2170,0.288717403
0.066292352,0.061826593,7.885683319,99.52117459,7969,191,192,1.005235602,47.98020788,49.0484477,19.08361278,2909.366635,2902.728145,1.002286983,1893,0.237545489
0.127671315,0.09940324,3.645111749,24.64805338,7546,191,192,1.005235602,50.66276981,47.76551185,24.1163893,2952.876636,2806.498818,1.052156736,1977,0.261993109
0.074756489,0.071282449,6.735380003,72.36191886,7767,191,192,1.005235602,48.86302703,46.53625773,24.72338412,2866.617742,2737.484088,1.047172385,1974,0.254152182
0.073233622,0.067494454,6.890106998,77.42852162,7421,191,192,1.005235602,48.4335651,49.11545488,21.88044725,2759.014599,2800.63967,1.015086934,2485,0.334860531
0.149422813,0.112247549,2.861642801,15.48653808,7587,191,192,1.005235602,48.00345243,47.34097814,26.04575684,2847.994977,2838.539461,1.00333112,2051,0.270330829
0.085607052,0.076466419,5.923323494,57.66973854,7633,191,192,1.005235602,48.76460751,48.97927737,12.25852945,2800.521825,2899.710974,1.035418095,2009,0.263199266
0.099316562,0.088586862,5.035817526,42.09719603,7811,191,192,1.005235602,48.10827095,48.16824606,22.45765373,2842.214177,2899.30949,1.020088322,2001,0.256177186
0.044659487,0.05836971,11.13023529,161.9058256,8037,191,192,1.005235602,46.77664644,46.24196907,5.31665377,2692.976295,2825.879594,1.049351827,2579,0.32089088
0.087921302,0.080451216,6.054818933,58.75265584,7641,191,192,1.005235602,47.99435913,51.2515407,9.616613929,2837.000519,3055.044348,1.07685717,2169,0.283863369
0.068908107,0.069143498,7.529757641,85.5872106,7708,191,192,1.005235602,48.8255382,49.9016544,14.9622961,2877.592716,2931.312212,1.018668207,2154,0.279449922
0.081914918,0.073515436,6.02045284,61.27726592,7695,191,192,1.005235602,48.54383109,51.15879519,13.33730567,2870.001412,3011.213642,1.049202844,2334,0.30331384
0.074175069,0.066186224,6.65369858,74.80243843,7784,191,192,1.005235602,48.62077855,50.99604675,16.42342581,2945.568772,3048.248597,1.034859082,2492,0.320143885
0.059717883,0.058375444,8.231173328,107.1049012,7569,191,192,1.005235602,47.68343872,50.22674733,11.66537681,2862.479177,2961.706376,1.034664776,2471,0.326463205
0.091763394,0.076230864,4.864015024,44.48624519,7545,191,192,1.005235602,48.1359593,50.97129949,15.90877511,2851.826286,3078.317678,1.079419771,2122,0.281245858
0.075957427,0.070237048,6.634040321,72.29900628,7474,191,192,1.005235602,46.12054462,52.96209133,18.14266728,2765.352743,3079.706386,1.113675785,1867,0.249799304
0.089294846,0.07657642,5.172078311,48.28951028,7467,191,192,1.005235602,48.72369014,50.35874584,23.65886188,2852.711734,2951.223783,1.034532774,2140,0.286594348
0.068318539,0.062824758,7.003173472,82.89222646,7764,191,192,1.005235602,47.87675575,48.91520697,6.678549766,2873.400617,2870.477567,1.001018315,1965,0.25309119
0.062379462,0.056251711,7.886686249,105.8840815,7522,191,192,1.005235602,49.82689843,50.76655816,9.690178202,2944.711391,3007.828724,1.021434132,1882,0.250199415
0.094236915,0.079440459,5.162077705,47.08494022,7826,191,192,1.005235602,47.61252984,48.79351071,20.63282289,2927.438163,2918.662619,1.003006701,1900,0.242780475
0.035856171,0.056007942,12.12894839,179.0887875,9350,191,192,1.005235602,48.16826052,48.55503646,3.409588674,2959.620986,2947.68777,1.004048331,2034,0.217540107
0.062626359,0.069561104,8.328191031,96.70868392,8090,191,192,1.005235602,49.655342,49.72795104,6.801292704,3044.846483,2958.353783,1.029236767,2513,0.310630408
0.11795068,0.095524455,3.818081834,26.88690153,7844,191,192,1.005235602,51.68797061,48.89296678,11.09320013,3124.831803,2918.959012,1.070529524,1941,0.24745028
0.13141615,0.102095807,3.227938239,19.99770407,7419,191,192,1.005235602,51.00674806,49.25008163,59.62160329,3082.240533,2907.936992,1.059940618,2115,0.285078852
0.145380812,0.107185189,2.613173454,13.79400626,7611,191,192,1.005235602,52.14084768,47.63505512,18.44866533,3124.172948,2794.11187,1.118127367,1873,0.246091184
0.156382391,0.113877574,2.436394477,11.584664,7537,191,192,1.005235602,51.23598004,50.65407663,21.97009114,3078.72018,2942.114655,1.046431068,1932,0.256335412
0.163245771,0.116932842,2.266439107,10.1396435,7470,191,192,1.005235602,51.24648853,49.57973534,30.72265514,3028.776503,2879.49546,1.051842778,2107,0.28206158
0.125126379,0.11183236,3.801384106,22.59663793,3300,127,127,1,27.82678151,28.82163593,17.7628906,1223.554767,1268.385753,1.036639951,972,0.294545455
0.094694968,0.094567864,5.045919644,37.65896316,3352,127,127,1,25.32475039,26.05874272,17.10382701,1180.502717,1184.331657,1.003243482,1083,0.323090692
0.147301767,0.138875501,3.591742505,17.59271429,3412,127,127,1,25.20293348,25.45178755,18.39659219,1166.321852,1174.651749,1.007142023,996,0.291910903
0.100713752,0.11060825,5.182563954,35.03815728,3388,127,127,1,25.26576004,24.75062418,17.99049813,1178.141877,1176.346539,1.001526198,1044,0.308146399
0.180807196,0.148337145,2.689922867,10.82058853,3334,127,127,1,25.07833566,25.58646563,19.09014716,1217.93121,1181.865054,1.030516306,963,0.288842232
0.205688716,0.155951956,2.195635488,7.581555687,3337,127,127,1,28.71870534,28.43311493,19.22513227,1266.007522,1250.726919,1.012217377,894,0.267905304
0.121297679,0.111830584,4.165265084,25.77325782,3447,127,127,1,28.54982954,27.26639,11.26372484,1264.864513,1236.446184,1.022983879,977,0.283434871
0.149050245,0.122362046,3.185588404,16.38558572,3390,127,127,1,27.60396382,29.81548229,10.45772029,1262.719297,1278.929921,1.012837868,838,0.24719764
0.120599485,0.111391604,4.390090046,28.186915,3407,127,127,1,28.35637648,28.9329833,17.56252414,1227.766727,1257.756078,1.024425935,902,0.264749046
0.115964403,0.106555826,4.441294487,29.51658103,3444,127,127,1,28.2172379,27.03274789,14.70817819,1229.02233,1195.332599,1.0281844,923,0.268002323
0.224715169,0.162976562,1.86010636,5.513317894,3280,127,127,1,28.80752112,26.41048422,17.37547723,1234.82141,1199.410722,1.029523404,829,0.252743902
0.123169185,0.109202992,4.318650674,28.06435657,3383,127,127,1,29.6005679,26.7893555,13.87515237,1240.196577,1195.01143,1.037811476,855,0.25273426
0.09999617,0.096758013,5.205282861,39.63455385,3337,127,127,1,30.41105826,27.15018575,7.50798593,1237.011529,1124.774539,1.099786212,882,0.26430926
0.114359059,0.102134461,4.444460608,30.26529845,3346,127,127,1,29.3564749,26.9697172,8.383773624,1261.496175,1152.791803,1.094296621,945,0.282426778
0.115700396,0.106879558,4.565390733,30.45151502,3328,127,127,1,27.8218589,26.49058772,15.99897611,1212.404178,1177.646579,1.029514456,946,0.284254808
0.150572534,0.123551101,3.392953895,18.30975176,3421,127,127,1,31.05396602,27.60582704,11.36165067,1358.665651,1176.752188,1.154589441,822,0.24028062
0.151360007,0.123466471,3.208123907,16.60988353,3378,127,127,1,28.29264613,26.52228528,18.95780925,1228.898322,1164.164065,1.055605785,824,0.24393132
0.12130103,0.108036799,4.268212006,27.57175588,3446,127,127,1,29.26738588,28.00305026,18.36775165,1323.101555,1181.736209,1.119625128,1041,0.302089379
0.19693053,0.150114589,2.306149708,8.472575088,3311,127,127,1,28.46278372,28.63978571,16.65600196,1265.957107,1213.24902,1.04344375,947,0.286016309
0.064016783,0.06995294,6.78783126,68.82194516,3467,127,127,1,29.07030705,25.64297233,19.75486444,1290.670023,1188.462492,1.085999796,962,0.27747332
0.134438668,0.128674789,3.935402305,21.0765455,3462,127,127,1,24.13902736,27.69772643,10.95298725,1182.864824,1275.309526,1.078153226,1007,0.290872328
0.114578786,0.119743725,4.540944873,27.57913457,3416,127,127,1,25.08063112,27.16481495,13.82751658,1204.017229,1277.545918,1.061069465,921,0.269613583
0.070363482,0.106603525,6.673887685,50.66235578,3279,127,127,1,23.93496871,24.58629206,17.98076477,1171.046349,1258.214518,1.074436139,1079,0.329063739
0.149931784,0.137545275,3.42914823,16.53992408,3318,127,127,1,25.42073618,28.86401123,14.9050411,1244.641764,1259.282944,1.011763369,983,0.296262809
0.14430913,0.130549226,3.58851121,18.60327147,3326,127,127,1,27.10476135,27.97276136,16.45454219,1243.927077,1293.125758,1.039551097,972,0.292242934
0.135453288,0.124755011,3.749739795,20.5357454,3307,127,127,1,26.99758381,29.72634403,14.45794051,1270.023751,1325.451644,1.043643194,938,0.283640762
0.114563228,0.106993755,4.399468684,29.4518071,3311,127,127,1,31.02416552,28.93971584,16.58002985,1336.911323,1177.419499,1.135458793,872,0.263364542
0.156999416,0.132604143,3.125781736,15.09745712,3347,127,127,1,27.85003458,26.42113683,20.31616717,1255.686171,1170.712553,1.072582819,877,0.262025695
0.119004433,0.111636837,4.366544938,28.08861317,3304,127,127,1,29.79884812,27.0345218,21.22577555,1263.57881,1141.871624,1.1065857,953,0.288438257
0.190823424,0.150168445,2.441835157,9.240440438,3307,127,127,1,28.64852557,26.81610074,54.69096162,1273.258893,1133.685689,1.12311455,911,0.275476262
0.098693608,0.101257135,5.355951339,39.80626941,3370,127,127,1,29.34589518,27.62622356,19.3784049,1250.644466,1130.392247,1.106380966,972,0.2884273
0.12697706,0.117424086,4.008700433,24.01440646,3339,127,127,1,31.39000925,27.43704802,18.77479931,1370.787847,1163.771255,1.177884263,1026,0.307277628
0.132249301,0.11631045,3.899288158,23.31880365,3447,127,127,1,32.12698057,27.88334544,12.23882634,1326.873062,1141.759747,1.162129831,873,0.253263708
0.075007899,0.098793045,6.865748171,56.60262942,3540,127,127,1,28.17635565,25.37978612,13.22898223,1281.216448,1099.603835,1.165161859,1004,0.283615819
0.12840265,0.114847863,3.921771896,23.79031086,3300,127,127,1,31.25343502,27.62732091,13.27921026,1265.878574,1136.906178,1.113441548,919,0.278484848
0.170583688,0.134162412,2.741154389,12.22566953,3387,127,127,1,31.06013809,27.23668143,16.48587048,1333.635542,1159.396848,1.150283912,937,0.276645999
0.141692277,0.122355389,3.504301169,19.24970115,3282,127,127,1,29.1093489,27.12566243,13.13483726,1276.134097,1190.707436,1.071744459,827,0.2519805
0.109232345,0.100038274,4.333687517,29.70980456,3363,127,127,1,29.99129139,29.59296084,10.45392414,1295.481094,1230.911856,1.052456427,898,0.267023491
0.145425714,0.123740813,3.306560722,17.43681911,3380,127,127,1,29.17600562,27.72440358,17.20742543,1220.090664,1240.762648,1.01694299,967,0.286094675
0.114218559,0.113285348,4.535459803,28.93109133,3280,127,127,1,26.45190333,27.366875,7.713980256,1247.177742,1226.080145,1.017207356,867,0.264329268
0.112778129,0.112681847,4.486036221,28.23297966,3383,127,127,1,25.64920835,28.99774359,10.39639271,1223.173221,1266.845277,1.035703902,893,0.263966893
0.109550207,0.113514528,4.80834628,31.15870315,3442,127,127,1,25.17156335,28.08993938,17.81010519,1194.105499,1229.677302,1.029789498,857,0.248983149
0.08471943,0.11233688,6.018801394,42.14553826,3286,127,127,1,23.13218102,24.36133594,18.75637356,1108.169828,1154.371157,1.04169156,862,0.262325015
0.071403473,0.085506637,6.586220435,56.70461323,3550,127,127,1,27.17695855,26.04314458,16.5611089,1219.37199,1183.913969,1.029949829,921,0.25943662
0.154720291,0.13662045,3.381397707,16.52213575,3310,127,127,1,26.97258016,25.81991642,19.3223251,1233.398898,1192.459609,1.034331803,916,0.27673716
0.132824707,0.117874348,3.875770084,22.55103736,3312,127,127,1,27.93394465,28.06051801,8.303981017,1257.478451,1274.835184,1.013802808,996,0.300724638
0.137490665,0.11422826,3.552847101,20.56838002,3405,127,127,1,29.34131625,28.09885694,16.7007138,1260.75379,1261.864015,1.000880604,945,0.27753304
0.127004825,0.115245412,3.975775233,23.80649185,3353,127,127,1,28.00359904,29.74589311,16.13181552,1254.356699,1268.63044,1.011379332,966,0.288100209
0.150074918,0.122835815,3.317315415,17.62864222,3278,127,127,1,28.52881091,26.38351106,14.99104365,1276.68826,1222.422415,1.044392057,823,0.251067724
0.147473145,0.123803755,3.424467079,18.33559388,3401,127,127,1,30.414154,26.50356475,17.0117762,1304.473715,1198.372662,1.088537611,848,0.24933843
0.108683986,0.103093593,4.681828844,32.30638692,3369,127,127,1,30.00164272,26.85144376,11.34696168,1279.523887,1137.34558,1.125008888,906,0.268922529
0.096879069,0.090861813,5.298265272,41.59318818,3490,127,127,1,28.92392047,28.51920542,4.330802124,1262.683922,1174.193467,1.075362755,877,0.251289398
0.211516736,0.155766958,2.168451557,7.488122854,3356,127,127,1,29.43821135,27.54661914,16.94606016,1324.95656,1175.977757,1.126685052,858,0.255661502
0.173057407,0.136517086,2.783632448,12.48168832,3324,127,127,1,29.69391212,26.92095136,18.29144047,1288.800538,1147.618224,1.123022022,850,0.255716005
0.127265721,0.110241638,4.022636122,25.3014945,3337,127,127,1,28.60945091,27.99056507,20.43157313,1313.025616,1201.146029,1.093144035,841,0.252022775
0.144294769,0.12224638,3.419630054,18.24684216,3313,127,127,1,28.33261693,26.91006925,17.21044903,1268.067185,1215.956275,1.042855908,921,0.277995774
0.09580485,0.091686104,5.153103302,39.8092254,3295,127,127,1,29.50843332,30.78400504,5.146711534,1258.55621,1330.06337,1.056816819,1022,0.31016692
0.153115426,0.13532159,3.374119404,16.47255443,3366,127,127,1,25.74701177,27.5511987,17.23809717,1219.476161,1270.411795,1.041768454,899,0.267082591
0.112642655,0.125797553,4.734000484,27.86888288,3505,127,127,1,25.16777624,26.37570551,10.95750988,1213.298157,1270.261268,1.04694898,899,0.256490728
0.122050446,0.121531383,4.275140673,24.85115547,3370,127,127,1,26.88574204,29.85055108,15.25771079,1245.649121,1293.675849,1.038555583,1031,0.305934718
0.130568082,0.122076546,3.984595143,22.61066949,3290,127,127,1,26.64642535,29.13554589,14.97198225,1219.062629,1273.486502,1.044644034,1017,0.309118541
0.095632994,0.098668152,5.216308127,38.41568474,3403,127,127,1,26.36840574,28.03462816,4.34907205,1241.937592,1295.388794,1.043038557,1015,0.298266236
0.140748506,0.123187703,3.556562864,19.35856802,3349,127,127,1,29.25314769,29.3071406,42.42488451,1268.625692,1288.762906,1.015873251,979,0.292326067
0.103379193,0.100461875,4.863707694,34.80612141,3313,127,127,1,28.2285987,26.15945718,16.70893029,1303.869265,1144.437504,1.13931015,940,0.283730758
0.115823424,0.108440098,4.433672637,29.02930132,3432,127,127,1,28.74277393,28.30697477,11.87066843,1273.261973,1227.395691,1.037368782,952,0.277389277
0.10845684,0.103522272,4.708423473,32.63454283,3409,127,127,1,30.55237868,26.2142647,15.42986794,1289.472336,1145.365041,1.125817788,843,0.247286594
0.132021197,0.118565748,3.911424457,22.7787295,3423,127,127,1,29.03996514,25.48909005,19.44931913,1285.157759,1148.149897,1.119329246,975,0.284837862
0.106775142,0.106867003,4.933200277,33.8429729,3297,127,127,1,28.56958221,27.3556707,19.25376879,1245.980051,1151.468814,1.082078851,876,0.265696087
0.122308948,0.118452564,4.329076092,26.26638573,3449,127,127,1,28.85247193,26.66432341,17.97904855,1247.115631,1156.11852,1.078709154,943,0.273412583
0.119332108,0.109912861,4.314363403,28.0804243,3390,127,127,1,31.08560758,26.84227218,22.13668829,1374.740969,1211.513142,1.134730546,843,0.248672566
0.253515386,0.177639751,1.517359092,3.338182989,3303,127,127,1,30.41382695,27.76714467,21.45420423,1319.346038,1148.282695,1.148973196,874,0.264607932
0.069610237,0.097115576,7.192682841,60.9939615,3627,127,127,1,30.35868712,25.69719197,11.18163024,1304.068863,1103.118557,1.182165647,828,0.228287841
0.148133282,0.125410289,3.389618238,17.94773217,3334,127,127,1,30.10981293,27.62100235,11.32098366,1254.932801,1107.805004,1.132810193,894,0.268146371
0.167511106,0.131741083,2.780043345,12.7493512,3367,127,127,1,30.90429825,27.69782832,15.189299,1328.883546,1186.108824,1.120372364,862,0.256014256
0.095068599,0.095700688,5.419754415,41.92423405,3500,127,127,1,30.05901713,27.35069257,14.44367352,1327.532612,1172.629351,1.132099083,957,0.273428571
0.099649347,0.092141059,4.790597682,36.79450952,3383,127,127,1,28.61725927,27.30307659,13.75602209,1277.703073,1210.947259,1.055126937,904,0.267218445
0.101366709,0.09054187,5.101181111,40.26040837,3365,127,127,1,28.40072945,26.89180893,9.195967754,1277.037016,1122.222955,1.137953034,1047,0.311144131
0.103289436,0.093029383,4.915169592,37.23630587,3384,127,127,1,28.36578199,25.34261201,17.61103645,1282.609356,1158.181341,1.107433966,1040,0.307328605
0.149949257,0.121701729,3.396960909,18.47368425,3429,127,127,1,30.16274926,26.69158607,14.25009831,1308.001167,1130.020774,1.157501877,971,0.283172937
0.133488674,0.113274196,3.803258003,22.51157278,3355,127,127,1,29.61789047,24.60336997,18.25915253,1317.58739,1104.007296,1.193458952,840,0.250372578
0.091716931,0.090444548,5.562572337,45.25674224,3377,127,127,1,28.23958244,28.23076207,15.85052484,1318.820682,1220.833422,1.080262596,1018,0.301450992
0.123038019,0.114655503,4.281467623,26.50641385,3338,127,127,1,28.32506632,26.78335471,3.558041287,1254.318554,1244.002692,1.008292475,891,0.266926303
0.138125191,0.126177288,3.857170295,21.16938749,3380,127,127,1,27.2927351,27.89707184,7.016299312,1235.32892,1286.277694,1.041243084,965,0.285502959
0.138187902,0.134522375,3.856326741,19.82316019,3408,127,127,1,27.4466151,27.09224696,15.16431855,1256.915352,1248.205551,1.006977858,1014,0.297535211
0.095325186,0.114723873,5.596526098,37.60611542,3530,127,127,1,26.16296728,28.41420648,21.01528674,1245.318902,1327.877151,1.066294866,857,0.242776204
0.10685365,0.114558502,5.07484738,33.04465862,3277,127,127,1,26.82899061,26.8795996,13.5147065,1201.333666,1262.773063,1.051142659,1045,0.318889228
0.117349064,0.113500498,4.55356638,28.97327439,3433,127,127,1,26.44169374,28.51456515,17.89065446,1234.991076,1317.525539,1.066830008,978,0.284882027
0.091453403,0.098701597,5.61527242,42.36795764,3364,127,127,1,27.93041583,28.23198098,4.857705756,1244.953627,1290.964765,1.036958114,1100,0.326991677
0.189466768,0.148395893,2.398199109,9.164278949,3393,127,127,1,29.27037714,29.38674572,11.63283229,1231.940209,1245.838011,1.011281231,917,0.270262305
0.131700703,0.113755656,3.737670713,22.04304374,3414,127,127,1,27.94223059,30.91037354,16.40546302,1240.207357,1317.487882,1.062312584,935,0.273872291
0.092591768,0.095980762,5.4738035,42.28649885,3373,127,127,1,28.8191427,27.60833098,17.0543786,1273.261361,1179.584682,1.079414967,1075,0.318707382
0.114672134,0.103063284,4.454748653,30.51467676,3281,127,127,1,30.10517268,27.79817754,21.88094976,1287.221217,1184.345579,1.086862855,910,0.277354465
0.130658557,0.113689579,3.882991909,23.67631673,3457,127,127,1,30.37562432,28.40208732,19.03358538,1326.573271,1208.075932,1.098087658,837,0.242117443
0.211937519,0.159226388,2.099838144,6.747987242,3307,127,127,1,29.80532261,27.52737985,23.28898074,1297.667,1174.960117,1.104434935,956,0.289083762
0.151470349,0.125414586,3.35197027,17.76565544,3358,127,127,1,30.19065187,27.71278718,19.04693534,1311.267595,1162.615823,1.127859753,959,0.285586659
0.132906327,0.113736982,3.94221813,24.31378485,3361,127,127,1,29.66621155,29.31707322,14.42277851,1263.634329,1196.319218,1.05626852,938,0.279083606
0.088655838,0.091573104,6.039008972,50.17837591,3381,127,127,1,28.5948068,27.268715,12.02209647,1317.2299,1120.543395,1.175527789,1005,0.297249335
0.100384641,0.09516362,4.931316533,36.93705289,3466,127,127,1,28.96350147,28.06085701,7.170384973,1312.851825,1166.949218,1.125029097,918,0.264858627
0.091140807,0.083099425,5.14924265,44.31774166,3279,127,127,1,30.25904977,30.19503074,1.489272295,1248.291745,1239.16679,1.007363782,1100,0.335468131
0.125615857,0.1102417,4.037678461,25.41352073,3424,127,127,1,28.77962612,27.98580944,17.46199153,1259.48594,1217.481767,1.034500864,846,0.247079439
0.12354473,0.105555727,3.919281877,25.2958852,3393,127,127,1,29.92204042,28.01109996,18.20107761,1299.181416,1152.17514,1.127590217,830,0.244621279
0.126246075,0.115737243,4.067965544,24.71612172,3290,127,127,1,29.95372545,26.82495269,13.39971656,1263.992434,1126.892817,1.12166163,938,0.285106383
0.116082644,0.104490623,4.23187139,28.17801238,3282,127,127,1,27.89276995,29.40526829,12.89927966,1228.702773,1232.265021,1.002899194,1043,0.317794028
0.168458707,0.137310437,2.763038432,12.11410406,3358,127,127,1,27.14281378,27.49503992,20.39217091,1216.364371,1233.807417,1.014340313,919,0.273674806
0.128326536,0.119634279,4.032501575,23.27922092,3316,127,127,1,26.17251962,28.27182665,16.61816373,1215.391592,1283.198917,1.055790516,866,0.261158022
0.080155915,0.096794623,6.149124664,48.31165178,3552,127,127,1,25.08899652,25.01548644,17.71146622,1197.433583,1156.809237,1.035117584,1035,0.291385135
0.09971493,0.106835054,5.22188112,36.10585185,3558,127,127,1,25.32817834,25.05442026,19.28773095,1197.988705,1212.851489,1.012406447,971,0.272906127
0.170289522,0.14131231,2.944939357,13.09239197,3377,127,127,1,25.53735581,26.03874453,20.1894966,1220.584528,1168.353398,1.044704906,918,0.27183891
0.163151281,0.134718669,3.021313204,14.1664597,3367,127,127,1,26.79814373,27.19735364,18.86634077,1221.730095,1251.706806,1.024536279,921,0.273537274
0.197744571,0.148361554,2.243329807,8.293069724,3345,127,127,1,28.51070303,28.33833742,21.72755701,1232.035343,1214.851295,1.01414498,822,0.24573991
0.119358197,0.107741309,4.206837172,26.69641545,3291,127,127,1,27.51276149,26.61398973,17.63536642,1201.976421,1248.815326,1.03896824,940,0.285627469
0.196920956,0.149580694,2.345009318,8.844981148,3385,127,127,1,28.55881399,26.63772036,19.33962725,1219.224088,1217.505668,1.001411427,867,0.256129985
0.118238262,0.1045674,4.252132554,28.20737358,3332,127,127,1,27.43914326,26.1688023,16.07036184,1165.506079,1152.835677,1.010990641,944,0.283313325
0.132060212,0.11042592,3.94862217,24.77483865,3334,127,127,1,30.33325151,26.47133288,14.22823008,1260.227761,1150.588434,1.095289787,895,0.268446311
0.125502164,0.109040125,4.139043552,26.42504474,3353,127,127,1,30.18677922,29.77422891,13.65987542,1333.667541,1257.217644,1.060808801,1028,0.306591112
0.222246955,0.158965479,1.956266925,6.14418063,3299,127,127,1,27.7936035,26.51391652,20.82055626,1192.638905,1143.519166,1.04295489,844,0.255835102
0.076394234,0.078756585,6.684094923,63.45778104,3355,127,127,1,28.86650251,26.01877325,13.68547299,1232.550335,1146.2076,1.075329055,1106,0.329657228
0.218932387,0.153946353,1.971682374,6.511085506,3296,127,127,1,30.3432781,27.5210745,11.02946187,1340.357851,1181.309448,1.134637375,841,0.255157767
0.144727759,0.117713014,3.460832026,19.46165992,3439,127,127,1,30.06794205,27.75477712,18.1354611,1346.706295,1191.811947,1.129965426,851,0.247455656
0.110020058,0.098486647,4.663208883,33.09581069,3431,127,127,1,30.95727025,26.39516299,13.17050071,1360.523543,1167.43339,1.165397148,969,0.282424949
0.119643746,0.103672965,4.26737078,28.37986167,3412,127,127,1,28.88543065,26.46608607,8.715606323,1294.715064,1140.342273,1.135374084,845,0.247655334
0.121105,0.109678455,4.201890076,26.80411425,3315,127,127,1,30.96546892,26.27219677,18.58604669,1353.896842,1126.034755,1.202357952,1002,0.302262443
0.131910137,0.112724917,3.801694279,22.85699653,3372,127,127,1,29.25961437,26.72637118,16.9669353,1304.557641,1143.057233,1.14128812,1006,0.298339265
0.118035769,0.11023863,4.462405014,29.14014634,3408,127,127,1,30.18815132,28.03227813,18.26599467,1362.141984,1204.384334,1.130986136,1015,0.297828638
0.064606072,0.072568125,7.008414028,70.15224358,3467,127,127,1,29.24681781,27.82403461,17.26651978,1252.66141,1208.148503,1.036843904,920,0.2653591
0.123403033,0.104329767,3.800667837,23.6529619,3296,127,127,1,29.26522521,29.17927607,4.550360301,1309.319549,1294.03417,1.011812191,828,0.251213592
0.171097101,0.140993562,2.944176669,13.14454779,3373,127,127,1,28.25197773,27.93816086,16.89641487,1280.712302,1258.488813,1.017658869,837,0.24814705
0.153401214,0.135121929,3.355041251,16.35239923,3300,127,127,1,27.05732472,27.22812357,10.85190502,1208.938098,1238.381733,1.024354957,877,0.265757576
0.13357149,0.126237859,3.899876781,21.17402672,3291,127,127,1,26.8655015,25.14956951,14.19998395,1239.292472,1253.669667,1.011601132,841,0.255545427
0.138235055,0.127041695,3.760415867,20.4458637,3369,127,127,1,27.9472701,27.98688801,12.7717355,1246.947146,1225.29595,1.017670176,825,0.244879786
0.098063151,0.110019993,5.447400371,37.98096107,3369,127,127,1,25.53068149,26.67731973,14.04138304,1236.848151,1221.510179,1.012556565,940,0.279014544
0.123864028,0.110883172,4.145808576,26.03243139,3446,127,127,1,28.83795644,30.55545088,19.12834567,1251.569577,1322.990379,1.057064987,927,0.269007545
0.110424805,0.102719353,4.49879735,30.66249051,3311,127,127,1,28.66698198,30.6134504,20.13095049,1287.846244,1270.375164,1.013752693,855,0.258230142
0.113431564,0.103278043,4.368554445,29.89977462,3425,127,127,1,29.90784991,28.37383138,17.50019259,1295.625997,1273.661836,1.017244892,887,0.258978102
0.130873736,0.116918371,3.871951996,22.69636945,3400,127,127,1,27.36811341,28.49601692,19.62995504,1241.300941,1284.358094,1.034687119,842,0.247647059
0.08853305,0.091961728,5.629502761,44.60130594,3526,127,127,1,27.66808863,30.00496564,15.12904573,1263.172699,1267.620817,1.003521385,854,0.242200794
0.096144254,0.093311249,5.172593548,39.64576549,3522,127,127,1,28.95214885,28.08538128,18.91597643,1297.910987,1259.533715,1.030469428,973,0.276263487
0.114928721,0.103358489,4.428818923,30.28769018,3415,127,127,1,29.15719303,27.85400336,18.90416902,1255.491444,1165.928967,1.07681641,920,0.269399707
0.110727587,0.10079958,4.451973179,31.25555905,3399,127,127,1,31.21447797,27.54550041,20.95538992,1295.871497,1166.73578,1.110681201,828,0.243601059
0.176998602,0.138424519,2.603853034,11.09818958,3382,127,127,1,29.98222823,26.07929039,22.94318606,1340.625276,1140.957476,1.175000212,937,0.277054997
0.137067727,0.121694708,3.880715798,22.27501207,3378,127,127,1,28.32411851,26.57352216,19.06683918,1272.469459,1167.352745,1.090047087,830,0.245707519
0.152484251,0.125123129,3.311904293,17.46427814,3364,127,127,1,30.44823095,27.51478099,18.2144717,1311.527496,1167.976023,1.122906182,943,0.280321046
0.139178826,0.116480235,3.654229224,21.10752716,3393,127,127,1,30.17271357,28.16325554,22.04881996,1314.327965,1168.41297,1.124883067,869,0.256115532
0.107932177,0.108931177,5.113388365,35.50354841,3420,127,127,1,29.20107795,27.81596727,13.31332855,1235.607012,1158.491422,1.066565526,1040,0.304093567
0.095540365,0.091783619,5.034049067,38.44322566,3461,127,127,1,31.53696912,27.63454361,2.238211981,1336.141785,1151.297106,1.160553412,822,0.237503612
0.14769335,0.117043103,2.984029735,15.88348947,3298,127,127,1,29.15832697,30.04689792,14.46313098,1273.463252,1249.45867,1.019211985,822,0.249241965
0.101163258,0.093725745,4.735729419,35.15821331,3338,127,127,1,30.24655782,27.49978317,13.86725627,1251.943101,1155.587061,1.083382762,889,0.266327142
0.126631434,0.109784311,3.82334085,23.61834668,3398,127,127,1,29.8978337,27.9568355,15.82975079,1263.055751,1172.990376,1.076782706,888,0.261330194
0.111888212,0.10164561,4.540177764,31.83231976,3481,127,127,1,28.33118285,29.00549582,15.90587917,1262.022629,1254.367306,1.006102936,998,0.286699224
0.160639265,0.129291062,2.985537748,14.49298788,3329,127,127,1,28.72935409,28.97469358,15.86545911,1247.528991,1263.44132,1.012755077,914,0.274556924
0.125343233,0.111681313,3.953301162,24.03984403,3414,127,127,1,26.30054683,28.51195926,19.38500976,1188.52899,1227.87437,1.033104266,901,0.263913298
0.103169041,0.099907133,4.856382109,34.30097424,3504,127,127,1,26.53044198,27.09106428,10.93172219,1263.367657,1224.013103,1.032152069,1055,0.301084475
0.110016228,0.114809703,4.952619653,32.01517562,3403,127,127,1,25.81909924,25.28251617,17.45375842,1231.587587,1226.235643,1.004364532,1048,0.307963562
0.065583352,0.078893617,6.896216128,63.88838409,3319,127,127,1,25.40071218,24.13290593,5.246576887,1179.471188,1165.096956,1.01233737,1154,0.347695089
0.096369964,0.093320685,5.392932581,42.61552041,3456,127,127,1,27.94098313,27.81047485,18.66383883,1252.287757,1220.25934,1.026247222,937,0.271122685
0.138185987,0.117258475,3.661147742,21.2052804,3372,127,127,1,29.08379607,27.78353076,8.282172106,1276.010891,1255.056972,1.016695592,914,0.271055753
0.172950655,0.137530798,2.743447372,12.10942914,3366,127,127,1,28.49681347,27.66846967,17.49223818,1216.213094,1271.487845,1.045448245,905,0.268865122
0.098565554,0.092972918,5.396710287,42.60302037,3350,127,127,1,28.44680486,25.42865541,11.8863885,1253.830793,1132.207885,1.107421005,1051,0.313731343
0.170914714,0.132026244,2.892016703,13.77150162,3331,127,127,1,28.41494841,27.6889173,17.84726075,1270.367085,1169.909168,1.085868134,946,0.283998799
0.075626388,0.071249601,6.075829959,58.71454278,3399,127,127,1,27.19380761,25.21329337,1.703496419,1233.616524,1093.510074,1.128125431,824,0.242424242
0.162056957,0.126641376,3.014053898,14.96588545,3303,127,127,1,29.40766398,27.19187448,22.7604197,1287.062361,1186.940635,1.084352767,870,0.263396912
0.138171387,0.115472392,3.855573492,23.19257049,3317,127,127,1,30.63799011,26.74396524,13.95546766,1304.708992,1168.817328,1.116264245,891,0.268616219
0.148360189,0.119722849,3.399464441,18.8377972,3286,127,127,1,30.5795619,27.07000815,8.89484273,1293.255899,1124.9757,1.14958563,982,0.298843579
0.194371362,0.146408666,2.41069118,9.372118121,3359,127,127,1,29.13634071,26.02447533,19.85480426,1273.171988,1197.837792,1.062891818,935,0.278356654
0.101561303,0.09465323,5.001879001,37.56888207,3396,127,127,1,30.10799276,31.04161529,4.003714184,1271.859313,1279.778431,1.00622641,845,0.248822144
0.140905044,0.121814367,3.630696343,20.30359363,3389,127,127,1,28.27830353,28.02540803,16.78134934,1295.998713,1210.485988,1.070643301,832,0.245500148
0.129332778,0.119336742,4.067687056,23.8170765,3332,127,127,1,29.24723547,28.49956756,15.73642152,1301.08399,1285.772987,1.011908014,993,0.298019208
0.103060135,0.104601066,5.150988568,36.60127799,3498,127,127,1,27.97871858,27.78649179,4.163438702,1235.603561,1260.331788,1.020013075,898,0.256718125
0.194592285,0.148102792,2.306845155,8.581294096,3349,127,127,1,28.84661564,28.28549127,15.1640038,1282.962394,1294.340634,1.008868725,919,0.274410272
0.162398514,0.132875219,2.967618068,13.88109923,3365,127,127,1,28.72100199,28.55863169,7.192666722,1264.809999,1260.447788,1.003460843,921,0.273699851
0.103609452,0.098125988,4.901462778,35.67025367,3386,127,127,1,30.14804148,29.69514698,15.95198466,1314.008685,1268.407231,1.035951746,844,0.249261666
0.128978535,0.110772714,3.844746391,23.56342562,3298,127,127,1,30.94285409,28.69752658,10.41490904,1324.763554,1219.218891,1.086567444,1016,0.308065494
0.119256711,0.106989571,4.225095578,27.66965364,3434,127,127,1,28.69340193,30.01503804,15.03641127,1252.372231,1286.007707,1.026857411,852,0.248107164
0.098853736,0.094258431,5.21052138,40.33872437,3481,127,127,1,29.09562352,29.53669949,17.13609928,1284.956672,1224.074926,1.049736944,869,0.249640908
0.118449611,0.107743484,4.30867843,27.92650314,3443,127,127,1,30.26713612,26.86432538,21.31572219,1273.860923,1193.194671,1.067605273,910,0.264304386
0.157510196,0.129982882,3.152713524,15.69851752,3390,127,127,1,29.24727978,27.18114179,18.48975136,1275.033496,1172.260619,1.087670672,829,0.244542773
0.104502001,0.102498786,5.054471724,36.43396438,3437,127,127,1,29.89203754,25.62266762,18.43826281,1238.249391,1127.575137,1.098152443,845,0.245853942
0.188526587,0.142533472,2.404279973,9.591656065,3379,127,127,1,29.12308386,29.66451429,25.51482142,1298.638416,1205.094208,1.077623979,873,0.258360462
0.117862716,0.104274519,4.510639656,31.24288998,3430,127,127,1,29.37390271,27.2941305,14.12185985,1286.195816,1113.160167,1.15544542,1040,0.303206997
0.119825655,0.116429796,4.589385788,29.3225069,3302,127,127,1,30.25333563,26.32537894,12.46151947,1267.022215,1102.463291,1.149264765,949,0.287401575
0.113031126,0.102865519,4.504211897,30.76954474,3319,127,127,1,30.30612025,27.69894164,13.86062901,1316.595021,1152.329141,1.142551182,970,0.292256704
0.10361735,0.098308472,4.883440259,35.95007039,3483,127,127,1,29.01755796,27.14940354,15.54092283,1296.359604,1152.698121,1.124630621,880,0.252655757
0.092695648,0.086266778,5.034013718,40.93417499,3347,127,127,1,30.97158502,30.56636998,1.899472883,1345.395203,1270.968158,1.058559331,1070,0.319689274
0.132858935,0.115381374,3.712556325,21.87721086,3442,127,127,1,29.09103357,29.03752115,14.64567858,1259.66218,1176.818487,1.070396322,850,0.246949448
0.101356177,0.096733497,4.897961748,36.51385102,3348,127,127,1,29.86295816,27.06037636,14.21617357,1319.350012,1159.714832,1.137650374,900,0.268817204
0.152974207,0.124348916,3.004244191,15.0822336,3413,127,127,1,29.28613093,28.30221036,17.78804607,1203.856238,1230.310618,1.0219747,888,0.260181658
0.13987343,0.120482815,3.538355206,19.57046654,3319,127,127,1,26.52087235,26.45222296,18.46593601,1219.865014,1212.614556,1.005979195,899,0.270864718
0.098884852,0.100153854,5.002634573,35.43063151,3410,127,127,1,27.87187791,27.05974025,7.609781464,1278.035825,1232.647664,1.036821683,1003,0.294134897
0.080129107,0.095998931,6.369195155,51.24392518,3519,127,127,1,26.35230999,24.02579822,15.44544461,1235.884659,1182.129931,1.045472775,825,0.234441603
0.096233532,0.110382482,5.429739836,37.14401314,3415,127,127,1,24.62834084,24.3772142,18.70241295,1179.014459,1164.170453,1.012750715,1043,0.305417277
0.075998344,0.08686388,6.383137971,54.43960361,3469,127,127,1,26.06815516,25.58097637,15.81264786,1189.963129,1195.904155,1.004992614,897,0.258575958
0.116436887,0.106285138,4.515425883,30.59631191,3365,127,127,1,28.85065873,28.02383475,8.818156722,1270.334846,1219.257636,1.041892056,1026,0.304903418
0.136554075,0.118957359,3.717276296,21.36090837,3450,127,127,1,28.49657863,27.1874154,14.72291272,1251.553478,1269.054485,1.013983427,855,0.247826087
0.291227692,0.195097802,1.269172413,2.053891806,3324,127,127,1,28.03075641,25.62278766,22.36785269,1244.846571,1256.308061,1.009207151,895,0.269253911
0.170811552,0.131895564,2.690187876,12.24545288,3284,127,127,1,29.88339991,27.12000144,17.90716386,1261.353913,1189.804812,1.060135159,967,0.294457978
0.151734835,0.122140494,3.25331073,17.41199418,3408,127,127,1,30.18804118,28.90534974,17.48422318,1251.201121,1225.977463,1.020574325,914,0.268192488
0.111233872,0.092757541,4.193859239,31.28725152,7513,191,192,1.005235602,46.96051498,47.69934768,22.29906987,2837.810712,2784.065959,1.019304411,2058,0.273925196
0.088265032,0.077621205,5.59801427,53.33717838,7661,191,192,1.005235602,47.58084266,49.85317428,26.9019525,2831.93655,2874.732488,1.015111899,1903,0.248400992
0.097399167,0.08606747,4.931589047,41.09812816,7414,191,192,1.005235602,46.62815221,49.5359309,28.09250063,2708.955439,2926.273495,1.080222086,1941,0.261801996
0.095888681,0.085594064,5.299669882,46.56775923,7675,191,192,1.005235602,47.90894552,49.14231427,7.628076091,2804.558277,2964.741175,1.057115197,2055,0.267752443
0.043931813,0.06154362,11.09578344,153.3525125,7530,191,192,1.005235602,45.19671889,48.61760276,23.54378264,2733.464005,2958.83785,1.082449904,2197,0.291766268
0.080732077,0.078498968,6.514551095,64.20354179,7758,191,192,1.005235602,47.73164691,50.15277876,18.22784818,2798.576551,2916.095832,1.04199252,2322,0.299303944
0.071397927,0.073848602,7.508664867,81.74488349,7416,191,192,1.005235602,46.66441017,50.63544676,9.584787218,2830.878457,3002.314343,1.060559254,2034,0.274271845
0.077840216,0.076718575,6.768763255,68.79584679,7678,191,192,1.005235602,47.84996924,49.33769478,20.189102,2893.410694,2958.469889,1.022485295,2429,0.316358427
0.068593692,0.069344928,7.466021597,84.95291299,7936,191,192,1.005235602,47.96025596,49.52953745,21.10224192,2855.394659,3025.475398,1.059564704,2360,0.297379032
0.093355049,0.081150857,5.136075044,45.83700097,7694,191,192,1.005235602,48.38920173,51.45681114,20.04720488,2885.661645,3072.290087,1.064674402,1996,0.259422927
0.060509372,0.061037916,8.30096678,107.5322203,8057,191,192,1.005235602,48.31256409,50.98561581,26.96602196,2855.492865,3064.774489,1.073290893,2014,0.249968971
0.060709705,0.059507984,7.772590591,99.43175985,8286,191,192,1.005235602,46.4465652,50.94649782,23.12440365,2776.699582,3041.309067,1.095296404,2016,0.243301955
0.075551153,0.071890148,6.010976765,61.52263638,7760,191,192,1.005235602,47.96016915,50.80593905,22.91195091,2871.320491,3058.978652,1.065356048,2013,0.259407216
0.079475791,0.070749228,5.528408778,55.90347625,8019,191,192,1.005235602,47.8221865,49.32601322,26.02164749,2904.534738,2966.492777,1.021331485,2105,0.262501559
0.063435627,0.062291914,7.611587261,93.87146923,8130,191,192,1.005235602,48.97227395,48.72519967,18.36522249,2959.482534,2874.0014,1.029742899,2551,0.313776138
0.072340538,0.068790918,6.541553856,70.40959596,7452,191,192,1.005235602,49.09529169,50.07212089,3.870337871,2909.961006,2971.047174,1.020992092,2158,0.289586688
0.071946222,0.065506568,6.459912225,71.99848265,8041,191,192,1.005235602,48.77303081,50.85316731,17.96927005,2972.101996,2896.757929,1.026009791,2016,0.250715085
0.071001177,0.064283054,6.208751167,69.39302368,7952,191,192,1.005235602,50.36675676,49.73009611,8.1251734,3026.274208,2977.323286,1.016441252,2196,0.276156942
0.100398761,0.089816413,4.788184779,38.3314621,7485,191,192,1.005235602,49.0315527,47.43007736,73.73146118,2969.145431,2811.235708,1.05617093,2101,0.280694723
0.054622574,0.067260674,9.087593539,110.6642135,7559,191,192,1.005235602,48.1257524,47.21655101,2.975254664,2916.683915,2832.974325,1.029548305,2320,0.306918905
0.066205468,0.07450814,7.868729144,84.70974358,8048,191,192,1.005235602,49.65553715,48.78042771,11.7606811,3083.527188,2939.54542,1.048980964,2199,0.273235586
0.120368007,0.102391344,3.932746854,26.50334318,7686,191,192,1.005235602,50.85347411,49.1280527,8.524219947,3089.544019,2883.554452,1.07143599,2197,0.285844392
0.127525589,0.102370347,3.485447394,22.39751071,7627,191,192,1.005235602,49.99553542,46.66362571,9.396841383,3112.273135,2855.72453,1.089836608,2194,0.287662253
0.161300861,0.120064644,2.498871744,11.92123684,7539,191,192,1.005235602,52.4136936,47.64055818,9.981563167,3117.813066,2859.852155,1.090200785,1998,0.265021886
0.122981857,0.097443228,3.500517165,23.34050576,7801,191,192,1.005235602,52.78707211,49.0126807,11.61896883,3181.457412,2876.451929,1.106035314,1884,0.241507499
0.196624928,0.140449474,1.893971103,6.302029396,7415,191,192,1.005235602,50.77736136,50.27499629,96.75469815,3019.703788,2888.114205,1.045562458,2035,0.274443695
0.135273058,0.101277273,2.909660272,17.08872206,7611,191,192,1.005235602,51.03227722,48.63397417,15.20389496,3060.515873,2835.597549,1.079319551,1871,0.245828406
0.141650792,0.106906518,2.691014972,14.28260993,7457,191,192,1.005235602,52.06362278,49.82865431,17.58212726,3013.405074,2893.289325,1.041515291,1950,0.261499262
0.125123819,0.095672558,3.163553288,20.57084242,7440,191,192,1.005235602,48.59026503,47.67104889,11.82882738,2885.69445,2818.65017,1.023785953,1976,0.265591398
0.163765917,0.115876648,2.205628083,9.835852334,7527,191,192,1.005235602,49.93202506,49.69642674,12.06926152,2946.768779,2937.638977,1.003107871,1866,0.247907533
0.171519523,0.123827594,2.234146384,9.421914037,7486,191,192,1.005235602,49.79388449,50.45554695,14.14806792,2859.715593,3021.106814,1.056436109,2061,0.275313919
0.196305962,0.138746191,1.890294492,6.36932276,7543,191,192,1.005235602,49.06495251,49.013093,112.8516892,2853.794164,2951.495808,1.034235701,2015,0.267135092
0.144499475,0.110147623,2.793973067,14.84308796,7721,191,192,1.005235602,45.8827025,49.98386694,11.74253975,2825.58819,2975.66346,1.053112931,1907,0.246988732
0.137900136,0.104716435,3.023971504,18.12211401,7649,191,192,1.005235602,49.65755308,53.07581371,59.9921979,2876.140159,3131.254341,1.088700191,1999,0.261341352
0.116105672,0.090277782,3.783865456,28.10196728,7582,191,192,1.005235602,49.12160295,52.01407722,7.83312546,2796.429259,3089.345024,1.104746352,1881,0.248087576
0.095932388,0.083339653,5.191661471,46.48213997,7775,191,192,1.005235602,47.07192978,51.32313398,10.23101283,2828.804519,3090.202297,1.092405741,1918,0.246688103
0.050518558,0.06073223,10.10788641,140.1899473,8443,191,192,1.005235602,48.16559258,51.7979957,4.126343393,2834.569539,3028.187571,1.068305974,2058,0.243752221
0.060683354,0.061246078,8.285001132,105.4656807,7811,191,192,1.005235602,48.86327403,50.42249769,118.8584459,2882.537133,3107.299079,1.077973652,2386,0.30546665
0.091514062,0.079127783,5.209347777,48.51144249,7494,191,192,1.005235602,49.56480698,51.86825683,122.070671,2877.833416,3057.144746,1.062307752,2341,0.31238324
0.165039241,0.120458986,2.368381887,10.73018658,7664,191,192,1.005235602,49.35879661,53.40266488,10.79238563,2894.665636,3106.894046,1.073317073,2130,0.277922756
0.151264858,0.110016223,2.517867002,12.64917045,7546,191,192,1.005235602,48.69971645,51.90200633,18.76623443,2820.781886,3059.345981,1.084573747,2071,0.27445004
0.116804243,0.089012095,3.493930499,25.50287059,7757,191,192,1.005235602,48.84884524,52.02703253,3.897611095,2895.643548,3096.347143,1.069312259,1965,0.253319582
0.138615535,0.102972456,2.80061306,15.90713099,7661,191,192,1.005235602,49.21043961,52.69249866,12.51492254,2901.600806,3101.086158,1.068750102,1887,0.246312492
0.094712719,0.076562167,4.654874126,41.88012995,7689,191,192,1.005235602,49.78289969,51.48809051,8.827025846,2927.313271,3095.709875,1.057525993,2321,0.3018598
0.141293622,0.106253465,2.893106061,16.31221948,7713,191,192,1.005235602,49.87909534,51.66854399,11.45130974,2937.648994,3076.550815,1.047283328,2165,0.280694931
0.140035114,0.107718447,3.049623016,17.51532538,7752,191,192,1.005235602,49.58681402,48.93455522,11.30178438,2976.930682,2970.272868,1.002241482,1883,0.242905057
0.153053672,0.11577438,2.680830028,13.48328038,7480,191,192,1.005235602,49.40168522,50.53300706,12.72608687,2949.719921,3028.34348,1.026654584,2169,0.289973262
0.133653781,0.105760769,3.11024269,18.32143809,7524,191,192,1.005235602,49.70253565,50.02321451,16.80590083,2939.278117,2999.966394,1.020647341,1923,0.255582137
0.143019045,0.109802218,2.949092675,16.4027135,7467,191,192,1.005235602,48.8008074,50.3310542,59.80347489,2958.143677,2952.140089,1.002033639,1866,0.249899558
0.126810297,0.099994379,3.327905978,21.20603357,7578,191,192,1.005235602,49.21835419,48.37570733,10.69374611,2881.393937,2866.686709,1.005130392,1859,0.245315387
0.110280995,0.092594397,4.38572246,33.85820275,7479,191,192,1.005235602,48.36934204,49.32338684,18.86611618,2962.473271,2923.230994,1.013424282,2141,0.286268218
0.09444455,0.085868664,5.316011217,46.33780808,7883,191,192,1.005235602,49.71888351,47.21575423,21.18048949,2919.254303,2857.846345,1.021487495,2137,0.271089687
0.059765929,0.07148746,8.526986173,97.06633006,7991,191,192,1.005235602,48.2359735,46.56022446,114.0119577,2929.289797,2784.328958,1.052063115,1874,0.234513828
0.069772829,0.076605892,7.406388159,77.75196435,7837,191,192,1.005235602,49.77168504,45.67139839,118.2146044,3070.283766,2725.742661,1.126402654,2445,0.311981626
0.074250842,0.071151098,6.820240689,73.36057824,7744,191,192,1.005235602,50.34925919,48.31172979,17.71974645,2994.781177,2877.268901,1.040841604,2020,0.260847107
0.102883394,0.088860738,4.493561782,35.7317753,7616,191,192,1.005235602,50.85963765,47.08301713,27.32333305,3054.923286,2743.905054,1.113348759,1952,0.256302521
0.133315131,0.105861757,3.26858632,19.53232677,7554,191,192,1.005235602,50.40908241,50.03674344,41.14963347,3005.747452,2874.789901,1.045553782,2045,0.270717501
0.100195676,0.086054736,4.641811332,38.12577528,7421,191,192,1.005235602,48.13045688,48.4655123,21.82040866,2852.288518,2834.352065,1.006328237,1888,0.254413152
0.139965585,0.108893521,3.101568179,18.0601144,7455,191,192,1.005235602,48.4692448,48.91936866,19.25529425,2923.408562,2910.971394,1.004272515,2028,0.272032193
0.106374454,0.088363982,4.349107249,34.49224753,7676,191,192,1.005235602,49.54900867,47.57029143,25.85073202,2983.954504,2842.575161,1.04973636,2247,0.292730589
0.104023269,0.085359236,4.476828431,36.78684142,7767,191,192,1.005235602,50.24968498,48.5368274,24.2088203,2866.941214,2852.891432,1.004924752,2114,0.27217716
0.073890497,0.068545332,6.693207328,73.24194171,7622,191,192,1.005235602,49.61438776,48.34878469,18.15133532,2825.722054,2886.164017,1.021389918,2461,0.322881134
0.087676839,0.07754797,5.715694293,54.8696042,7632,191,192,1.005235602,47.2770413,47.57624963,24.3641911,2843.082196,2771.988406,1.025647218,1966,0.257599581
0.080375542,0.073321217,6.267277281,64.3636984,7806,191,192,1.005235602,48.074928,48.45589658,12.49766556,2836.000112,2826.446832,1.003379961,2336,0.299256982
0.089408399,0.078715575,5.374390129,50.15692744,7541,191,192,1.005235602,47.47115105,46.41923711,17.95374702,2916.319006,2792.889306,1.044194269,2134,0.282986341
0.104617495,0.089611349,4.646489884,36.87343182,7667,191,192,1.005235602,48.23390688,48.76243013,27.01921172,2866.4394,2837.107153,1.010338787,2196,0.286422329
0.101682668,0.088496695,4.801295065,38.98330548,7644,191,192,1.005235602,45.80138051,48.31013724,11.60644853,2720.747195,2933.680858,1.078262936,2360,0.30873888
0.063274874,0.06901827,8.574062149,102.3516508,7568,191,192,1.005235602,46.95094799,49.19929035,6.735653227,2829.516712,2914.947802,1.03019282,2289,0.302457717
0.060780292,0.065274379,8.745054028,108.8074982,8369,191,192,1.005235602,49.98611002,50.52023053,11.28218618,2871.456351,2990.978089,1.041624083,2180,0.260485124
0.065860997,0.069188767,7.77137173,89.70974677,7612,191,192,1.005235602,49.01542799,49.88732854,9.80514688,2884.806705,2996.831668,1.038832745,2263,0.297293747
0.074084692,0.071214719,6.852266753,74.23664138,7670,191,192,1.005235602,48.66387209,49.53592206,21.67612645,2902.109409,2981.276456,1.027279139,2025,0.264015645
0.104067929,0.091478249,4.901995268,39.86775856,7634,191,192,1.005235602,49.38294556,50.37752063,20.23842966,2901.579224,3010.585455,1.037567898,2223,0.291197275
0.063586538,0.063897002,8.041600596,98.82603735,7748,191,192,1.005235602,49.04771792,52.64943069,19.21745672,2961.36969,3106.795729,1.049107695,2267,0.292591637
0.071210928,0.066582262,6.802221389,78.37754239,8182,191,192,1.005235602,48.00524878,51.93058071,14.54640555,2844.730627,3108.950583,1.092880483,2435,0.297604498
0.08620551,0.077179455,5.898301049,57.90595072,7923,191,192,1.005235602,47.49602856,51.45916021,16.65995244,2824.705553,3031.750255,1.0732978,2077,0.262148176
0.074058129,0.071194567,6.590447397,70.17026799,7679,191,192,1.005235602,48.30085039,49.35209855,17.40604353,2887.907958,3013.004236,1.043317266,2085,0.271519729
0.086287527,0.07719157,5.480036241,52.21557873,7572,191,192,1.005235602,49.24769978,49.79238376,20.22840193,2954.971065,2911.808074,1.014823433,1939,0.256075013
0.076475139,0.069415528,6.341554199,67.93392379,7643,191,192,1.005235602,49.21278379,47.55448899,1.894878407,2954.311021,2877.075298,1.026845221,2424,0.31715295
0.067320473,0.066488861,7.220246583,82.94893408,7415,191,192,1.005235602,49.41090031,50.76377395,20.44443359,2946.941913,2987.813791,1.013869251,2340,0.315576534
0.104441185,0.087148955,4.320346635,33.93813295,7862,191,192,1.005235602,50.94402858,49.59919405,2.663878395,3054.445862,2963.924424,1.030541075,2245,0.28555075
0.094019862,0.082018714,5.029446932,44.01879378,7799,191,192,1.005235602,48.00482174,49.87479817,17.46309969,2898.71617,2928.015511,1.010107696,2045,0.262213104
0.155509309,0.120159328,2.841608556,14.38004948,7569,191,192,1.005235602,50.42082402,47.58959597,68.61983721,3047.591905,2779.85178,1.096314533,2066,0.272955476
0.078722506,0.077778948,6.762646894,67.57566882,7661,191,192,1.005235602,49.4287216,47.04063978,2.53134278,3048.163742,2797.872039,1.08945788,2172,0.283513902
0.071029962,0.075318038,7.462088992,79.23345973,8010,191,192,1.005235602,51.22094027,50.39579297,7.794068254,3120.771653,2998.609953,1.040739443,1940,0.242197253
0.059736615,0.063013313,8.326080272,103.0624419,7742,191,192,1.005235602,50.84224465,49.41518486,3.61994862,3141.65401,2890.224434,1.086993098,2619,0.338284681
0.136438861,0.106625663,3.217527496,19.23476988,7671,191,192,1.005235602,49.40256653,48.27618572,5.422553635,3026.536965,2832.298991,1.068579615,1968,0.256550645
0.101818869,0.08566651,4.618009398,38.39232193,7921,191,192,1.005235602,52.728117,49.40168051,8.077987534,3161.549972,2911.608377,1.085843137,2282,0.288094938
0.114563332,0.091683578,3.777727092,27.3414883,7833,191,192,1.005235602,52.06788086,48.95530745,7.158535847,3124.738295,2870.877744,1.08842611,2040,0.260436614
0.132178854,0.1020715,3.133045837,19.15182453,7669,191,192,1.005235602,51.58205712,49.59166052,6.835835653,3070.95902,2936.401265,1.045824035,2093,0.272916938
0.112086212,0.086769933,3.574961641,26.01800744,7451,191,192,1.005235602,51.61585371,47.90927547,13.16869763,3161.206993,2786.5347,1.134458147,1878,0.252046705
0.162958024,0.11905104,2.310837766,10.35275583,7521,191,192,1.005235602,51.14165936,48.84868285,26.76649035,3085.75448,2912.390316,1.059526418,1931,0.256747773
0.154073009,0.110683499,2.413814065,11.76605334,7639,191,192,1.005235602,50.47205773,49.41014942,35.50458127,2985.473773,2915.90003,1.023860126,1913,0.250425448
0.134528768,0.100835902,2.988675437,18.02844869,7510,191,192,1.005235602,48.1360893,50.77733487,15.77604962,2874.898069,2938.2125,1.022023191,1938,0.258055925
0.106567061,0.083077741,3.915914279,30.68489048,7734,191,192,1.005235602,48.38628269,49.19119876,5.475008812,2859.912056,2921.011154,1.021363978,2009,0.259762089
0.11875254,0.0915729,3.533537663,24.74945093,7581,191,192,1.005235602,47.41110985,51.57448109,8.762572274,2850.32638,3056.904993,1.072475424,2237,0.295079805
0.157683337,0.115013824,2.485963503,12.14903656,7492,191,192,1.005235602,50.19152508,53.28443772,11.22435051,2865.669618,3081.62439,1.075359271,1958,0.261345435
0.135022668,0.101791217,3.085900251,18.87763009,7504,191,192,1.005235602,48.26155522,53.20704923,15.33814185,2784.195343,3121.330323,1.121088838,2031,0.27065565
0.051736111,0.060734809,9.584921982,130.3324901,7691,191,192,1.005235602,45.02792261,48.0490863,4.50853327,2707.834807,2975.536012,1.098861719,1909,0.248212196
0.102660414,0.086207463,4.498508023,37.35149181,7594,191,192,1.005235602,49.02898358,51.93046351,122.099987,2861.908229,3027.404464,1.057827233,2107,0.277455886
0.088753852,0.073732878,5.303598254,52.70405697,7494,191,192,1.005235602,49.98050182,51.98534846,121.6028768,2806.546394,3039.947579,1.083163131,2091,0.279023219
0.134620839,0.102465496,3.111834518,19.02409246,7496,191,192,1.005235602,50.8330704,53.57291721,18.81423132,2923.570698,3156.722922,1.079749131,1976,0.263607257
0.163709828,0.119480556,2.390600682,10.96854554,7572,191,192,1.005235602,48.38575648,51.87235614,54.91240901,2835.082609,3156.580961,1.113399995,2149,0.283808769
0.133771779,0.099025872,2.993689967,18.43249826,7758,191,192,1.005235602,49.40962279,52.02565769,23.65290498,2897.19732,3073.245672,1.060765054,1907,0.245810776
0.14215337,0.104818547,2.722404708,15.20403935,7517,191,192,1.005235602,49.21065644,52.35529915,12.20554679,2930.324595,3117.355907,1.063826141,1871,0.248902488
0.120552889,0.093335289,3.273225778,21.4828818,7506,191,192,1.005235602,50.99050295,52.08521946,82.59595518,2977.028123,3087.012869,1.036944477,2027,0.270050626
0.106647173,0.085451154,4.052440009,31.94843603,7859,191,192,1.005235602,47.34092352,51.27023786,10.72371554,2924.430531,3071.307104,1.050223991,2194,0.279170378
0.104810102,0.084865294,3.979305648,31.19145878,7638,191,192,1.005235602,49.34755994,49.73390729,4.84360051,2852.781005,2965.99189,1.039684394,1873,0.245221262
0.150345741,0.11392597,2.680373891,13.63726129,7516,191,192,1.005235602,48.41736859,51.12908818,18.5515572,2912.92815,2937.614122,1.008474624,2083,0.277142097
0.141493532,0.109017026,2.886320682,15.83327871,7628,191,192,1.005235602,48.69353042,49.60916848,10.0853996,2886.618657,2884.426352,1.000760049,2066,0.270844258
0.125663648,0.099717532,3.494071932,22.77060874,7787,191,192,1.005235602,50.71489534,48.95682231,10.76813772,2938.884637,2898.05946,1.014087074,2206,0.283292667
0.09824812,0.087513156,4.942201855,41.45359507,7620,191,192,1.005235602,49.23045346,48.36845663,14.67776447,2965.408557,2878.711035,1.030116785,2022,0.265354331
0.133977827,0.109219269,3.379906464,20.36153603,7712,191,192,1.005235602,48.39036964,49.68278385,13.54154266,2902.004173,2880.912371,1.007321223,1979,0.256613071
0.090648282,0.082921677,5.565851034,49.75688601,7441,191,192,1.005235602,49.70599678,46.1731131,22.69497796,3016.239463,2699.644687,1.117272757,1984,0.266630829
0.07386076,0.08210029,7.125860797,69.61769611,7710,191,192,1.005235602,49.09086942,45.18964965,118.2751491,3056.172543,2720.230643,1.123497579,1992,0.258365759
0.066184196,0.06816879,7.716332056,89.01728399,7713,191,192,1.005235602,51.01878608,46.36797453,12.26595449,3068.541572,2790.114186,1.099790678,2194,0.284454817
0.108168136,0.093240283,4.407404571,33.29039434,7794,191,192,1.005235602,50.64316473,46.90190688,29.49361686,3082.233766,2821.422206,1.092439749,2267,0.290864768
0.109475643,0.091010948,4.208785932,31.97318958,7732,191,192,1.005235602,51.36017302,47.83305762,19.04740736,2966.014551,2781.094362,1.066491879,2196,0.284014485
0.079586699,0.071720902,6.125112595,63.22052393,7797,191,192,1.005235602,48.00586307,48.64476012,19.13086656,2885.169912,2860.448034,1.008642659,2332,0.299089393
0.0987943,0.085124347,4.839763463,40.51275288,7684,191,192,1.005235602,48.4011845,49.27410921,19.06338403,2930.011087,2895.566874,1.011895499,2402,0.312597605
0.115917297,0.094945353,4.056348327,29.77657343,7477,191,192,1.005235602,48.40972759,49.49399728,19.36377211,2906.171831,2954.627509,1.01667337,2046,0.27363916
0.083949888,0.074400679,5.809203074,57.54431038,7447,191,192,1.005235602,48.9396307,48.90537652,20.55082674,3045.36551,2911.252305,1.046067187,2131,0.286155499
0.077009254,0.070502875,6.591092559,71.6776369,7657,191,192,1.005235602,47.91191573,47.74968467,11.24302944,2851.712225,2793.598191,1.020802574,2304,0.300901136
0.074821891,0.071029671,6.766110633,74.19036723,7956,191,192,1.005235602,49.30860323,48.74966635,21.11455305,2867.25429,2902.685474,1.012357183,2012,0.2528909
0.108754635,0.090894859,4.411080658,33.90296095,7805,191,192,1.005235602,45.53738574,48.7620356,82.20244098,2783.990118,2824.155172,1.014427154,2034,0.260602178
0.103710336,0.089961693,4.557349346,35.72728148,7581,191,192,1.005235602,48.05467154,45.37601044,19.46729308,2827.710668,2781.661956,1.016554388,1915,0.252605197
0.10445907,0.088436126,4.620764558,37.19869882,7700,191,192,1.005235602,47.66198991,48.39295983,28.24323014,2795.956308,2910.352122,1.040914736,2157,0.28012987
0.089578889,0.081650963,5.693872968,52.58889632,7931,191,192,1.005235602,47.59531469,49.1200974,13.74477481,2745.315801,2934.194259,1.068800266,2087,0.263144622
0.079195346,0.080164993,6.832969647,69.10675582,8171,191,192,1.005235602,47.96636385,46.39388007,7.604461729,2884.221368,2849.828976,1.01206823,2180,0.26679721
0.033637483,0.055732861,12.79909239,194.9029895,7883,191,192,1.005235602,47.45242423,48.37286033,17.24605209,2848.043205,2818.22237,1.010581434,2125,0.269567424
0.069208977,0.073438552,7.540230035,81.15190655,7610,191,192,1.005235602,49.24680527,49.83596151,10.88031181,2913.643696,2947.802588,1.011723771,2127,0.279500657
0.079057558,0.07811282,6.633778897,66.66089208,8136,191,192,1.005235602,49.97140893,51.31257077,11.64154156,2945.964534,3027.948109,1.027829111,2454,0.301622419
0.092570545,0.084863754,5.698006916,51.61107204,7995,191,192,1.005235602,48.11764166,50.40364408,21.84471288,2952.868477,3002.467988,1.016797061,2043,0.255534709
0.061029412,0.06079217,8.27639956,106.5852012,8067,191,192,1.005235602,48.68908312,50.69625115,18.44514447,2844.676939,3009.726673,1.058020555,2424,0.300483451
0.072429645,0.068142355,6.622304038,72.98889004,7455,191,192,1.005235602,49.03963762,52.0466801,25.2056646,2886.97391,3125.626778,1.082665405,2187,0.293360161
0.069425395,0.068153707,7.439366968,85.69191423,8056,191,192,1.005235602,46.79884783,51.48717015,25.4761821,2878.946627,3080.657922,1.07006427,2234,0.277308838
0.056211796,0.055417526,8.272067353,108.7383243,8199,191,192,1.005235602,47.62513068,49.49030345,6.685248355,3010.834653,2935.927488,1.02551397,2446,0.298329065
0.061643003,0.06264384,8.221115164,103.020959,8123,191,192,1.005235602,47.78748493,48.10122648,20.2184148,2910.073278,2906.241388,1.001318504,2275,0.28006894
0.070354038,0.065974021,6.715179989,76.19539345,7567,191,192,1.005235602,49.38475839,47.83658511,20.27886468,2963.919709,2852.868975,1.038925984,2168,0.286507202
0.072349851,0.067295307,6.853246022,77.85759381,7977,191,192,1.005235602,51.1711368,48.19394764,5.746021802,2987.90824,2873.418535,1.039844424,2582,0.323680582
0.07556925,0.073062516,6.680076594,69.74648946,7812,191,192,1.005235602,46.60397074,48.23415667,12.44986837,2950.2906,2877.04309,1.025459302,2448,0.313364055
0.054651571,0.059996092,8.691186047,110.8876523,8239,191,192,1.005235602,48.63408363,44.08181557,5.802433976,3067.558495,2759.044893,1.111818986,2685,0.325889064
0.056264287,0.064668861,8.770031978,107.2796116,8131,191,192,1.005235602,49.99887742,45.67418626,2.534584196,3134.576037,2833.401373,1.106294388,1919,0.236010331
0.066383153,0.067470366,7.463478089,85.35390054,7970,191,192,1.005235602,49.83281221,47.53568829,4.034056054,3074.944991,2857.214858,1.076203626,2286,0.286825596
0.107729054,0.089897776,4.369385316,33.76989565,7808,191,192,1.005235602,50.53223924,47.91933137,9.76074892,2980.615833,2815.495055,1.058647156,2097,0.268570697
0.140302118,0.108171403,3.030578433,17.38499384,7491,191,192,1.005235602,52.23723719,50.14910042,60.92551881,3118.453474,2947.723606,1.057919226,1960,0.26164731
0.143465005,0.106590865,2.781911768,15.42665342,7563,191,192,1.005235602,49.52845325,49.84450624,10.84034032,2990.825518,2891.012793,1.034525176,1916,0.253338622
0.128039173,0.094280526,3.051839596,19.55661386,7671,191,192,1.005235602,51.5160873,49.61705039,16.26936107,3048.719436,2855.264375,1.067753818,1974,0.257332812
0.230506134,0.157439546,1.570553836,3.881079115,7469,191,192,1.005235602,50.12720301,48.3786511,62.26947555,2935.696709,2897.006508,1.013355234,1949,0.26094524
0.169877282,0.119862514,2.20419861,9.660645876,7584,191,192,1.005235602,50.48625963,49.95804923,14.33719892,2928.089474,2977.279681,1.016799421,1971,0.259889241
0.109831225,0.084727622,3.657660696,27.70595882,7440,191,192,1.005235602,48.04833234,51.55981569,14.66994841,2808.25344,2923.499994,1.041038516,2064,0.277419355
0.105383902,0.081710496,3.964351456,31.64049988,7507,191,192,1.005235602,49.45246551,50.84842687,10.25129492,2863.235592,2988.875763,1.043880487,2124,0.282935926
0.129147512,0.099334242,3.421436426,22.04118786,7672,191,192,1.005235602,49.23127592,51.01311186,13.55126112,2892.542137,3083.87784,1.06614794,1880,0.245046924
0.101192472,0.083300545,4.641958657,40.28759712,7794,191,192,1.005235602,47.87570351,51.55288083,8.173855799,2727.075001,3120.486431,1.144261316,1898,0.243520657
0.043083283,0.054612411,11.44947264,175.4224006,7596,191,192,1.005235602,47.708124,49.56521105,6.667357051,2760.441606,2932.414937,1.06229921,1964,0.258557135
0.063528438,0.064059741,8.138641919,101.3715199,7939,191,192,1.005235602,49.63486026,52.36377426,126.7604426,2913.441108,3121.389305,1.071375459,2412,0.303816602
0.065225922,0.056727597,6.860681685,89.08728116,8058,191,192,1.005235602,49.68608185,51.93261034,122.2459671,2829.281449,3077.982774,1.087902646,2380,0.29535865
0.162801293,0.117806002,2.27970756,10.08134973,7477,191,192,1.005235602,49.72533096,53.9157034,19.3790675,2910.605007,3199.235684,1.099165183,1865,0.24943159
0.141336377,0.104969613,2.768125028,15.10300614,7664,191,192,1.005235602,47.88083821,52.15629943,15.141907,2839.907925,3158.238821,1.112091978,2148,0.280271399
0.144056373,0.106127948,2.685495252,14.35454685,7665,191,192,1.005235602,49.63807893,51.35152296,14.03041653,2877.083681,3025.916699,1.051730514,2120,0.276581866
0.120343666,0.091337946,3.421663107,23.57085003,7797,191,192,1.005235602,49.51835999,51.81634754,127.7523386,2938.642685,3062.900409,1.042284053,2216,0.284211876
0.087640116,0.070866506,4.85738174,45.9879527,7772,191,192,1.005235602,49.65135179,51.25330652,4.037449889,3018.045025,3049.48324,1.010416748,1877,0.241507977
0.090450701,0.076152237,5.306614518,50.3221715,7545,191,192,1.005235602,49.26399294,50.60934039,7.462112715,2946.971291,3038.861003,1.031181068,2450,0.324718357
0.119328139,0.094490425,3.490107254,23.55152945,7642,191,192,1.005235602,48.69479803,49.90496435,76.72889308,2828.92505,2922.362304,1.033029243,1963,0.256869929
0.118888635,0.095563564,3.721729509,25.82293476,7459,191,192,1.005235602,49.03613133,50.32435919,14.1772468,2911.637885,2945.165554,1.011515055,1896,0.25418957
0.167681453,0.125065725,2.379892926,10.33283086,7575,191,192,1.005235602,47.94436673,49.72478289,14.12001017,2914.95183,2976.238973,1.021025096,1979,0.261254125
0.138522829,0.105995399,3.004129964,17.25700408,7559,191,192,1.005235602,50.25553459,47.99802425,11.41227956,2951.869679,2849.96214,1.035757506,1996,0.264056092
0.088528121,0.078966253,5.52069959,51.94230443,7902,191,192,1.005235602,46.7429309,48.67281306,14.73385933,2912.097311,2926.239419,1.004856331,2087,0.264110352
0.123437024,0.105415031,3.881659633,25.19965098,7533,191,192,1.005235602,48.66866239,44.78160331,7.592860216,3043.078488,2718.358526,1.119454428,2052,0.272401434
0.090067709,0.07862598,5.47615183,51.32622177,7498,191,192,1.005235602,48.48402373,45.70460756,25.74084585,2804.839867,2705.827395,1.036592309,1985,0.264737263
0.085129237,0.078925548,6.048379689,58.14077806,8068,191,192,1.005235602,48.38768949,48.37276884,20.13553137,2819.212076,2943.018165,1.043915138,2165,0.268344075
0.086461402,0.074174145,5.442947524,52.54444882,8028,191,192,1.005235602,46.77568184,49.457914,18.96253783,2834.219939,2890.660456,1.019913951,2033,0.253238665
0.081584311,0.075373863,6.008534014,59.55814695,7611,191,192,1.005235602,48.8419618,47.77062296,14.45615039,2806.610851,2842.785137,1.012888957,2357,0.309683353
0.071554341,0.072170951,7.357705319,80.98192947,7529,191,192,1.005235602,44.89263985,49.22897476,12.05170689,2720.751429,2883.547221,1.059834864,1874,0.248904237
0.051637268,0.064633722,9.903362084,129.3813433,8410,191,192,1.005235602,47.36035763,44.86423183,5.384630094,2855.075263,2902.710689,1.016684473,2167,0.257669441
0.062087058,0.068826309,8.414675075,98.7408696,8015,191,192,1.005235602,47.81489724,48.22482923,10.454092,2995.764273,2927.970017,1.023154013,2305,0.287585777
0.105008212,0.088904826,4.544609286,36.84847589,7523,191,192,1.005235602,48.92087771,50.76087225,20.2920889,2877.73165,3006.672094,1.044806278,1932,0.256812442
0.079031207,0.076116055,6.461450406,65.82616164,7445,191,192,1.005235602,46.59240351,50.72454614,20.00681155,2823.103432,2978.756322,1.055135383,1965,0.263935527
0.065691778,0.06266782,7.397966799,89.17070762,7782,191,192,1.005235602,48.2076585,51.12589566,16.30134448,2890.97988,3019.3006,1.044386584,2154,0.276792598
0.078730549,0.068792101,5.620883229,58.22005594,7689,191,192,1.005235602,46.73728514,50.24647948,15.95084094,2831.179088,3069.3775,1.084133997,2105,0.27376772
0.067133369,0.06370439,7.262774124,87.56043074,7480,191,192,1.005235602,48.10499765,51.49989745,22.26639296,2878.545309,3110.762504,1.080671718,2449,0.327406417
0.047329744,0.049860972,9.994219361,153.3684167,8219,191,192,1.005235602,47.98300548,49.80384237,10.35749207,2945.270428,3009.748719,1.021892146,2015,0.245163645
0.070810898,0.064838263,7.094575952,83.45299164,7572,191,192,1.005235602,48.76356228,49.4790837,23.47714312,2948.838289,2981.007234,1.010909023,2479,0.327390386
0.075516865,0.071399973,6.40193116,67.26730364,7478,191,192,1.005235602,50.3859151,48.45615895,9.670251625,2981.254976,2874.58146,1.037109234,1977,0.264375501
0.073351726,0.068316759,6.604672095,73.06264651,7509,191,192,1.005235602,49.04458367,47.20311437,0.648091172,2913.099877,2831.214777,1.02892225,1990,0.265015315
0.050646081,0.055724098,9.401118449,132.4634807,7424,191,192,1.005235602,50.16010979,47.84909387,17.06953648,3045.737095,2865.285432,1.062978599,2184,0.294181034
0.077025445,0.07449817,6.427723018,65.36017213,7565,191,192,1.005235602,47.77129876,45.69741868,15.36638458,2889.996128,2807.840087,1.029259516,2521,0.333245208
0.049851206,0.057160235,8.859801608,117.6784713,8004,191,192,1.005235602,46.42200252,43.28649962,12.75544125,2939.827901,2713.79918,1.083288669,2488,0.310844578
0.062406025,0.069963594,8.139686702,92.60686027,8097,191,192,1.005235602,49.406066,47.36184551,10.94281381,3044.01231,2880.653213,1.056709046,2444,0.301840188
0.039708211,0.059795607,11.06113618,152.9341142,8214,191,192,1.005235602,49.22886653,48.54279343,3.534095456,3110.587933,2824.817277,1.101164297,1985,0.241660579
0.085846012,0.076795458,5.815714389,56.96649288,7959,191,192,1.005235602,51.94566318,46.76968806,12.69621683,3192.66051,2851.65083,1.119583252,2197,0.276039703
0.12094276,0.098329886,3.668714613,24.63341618,7476,191,192,1.005235602,51.27589817,47.17235366,12.5494237,3023.459313,2756.220397,1.096958471,1888,0.252541466
0.191595127,0.137832231,2.020632813,7.298174505,7440,191,192,1.005235602,51.33576037,50.10278387,93.79354929,3071.447083,2969.631879,1.034285463,2047,0.275134409
0.117876494,0.091721616,3.362000573,23.09207226,7687,191,192,1.005235602,51.5652064,49.24899839,16.1390662,3090.44788,2862.385555,1.079675614,2068,0.269025628
0.190997515,0.133444472,1.95487153,7.084177927,7431,191,192,1.005235602,49.31576723,47.76600808,26.66740017,2971.108654,2827.255228,1.050880948,1990,0.267797066
0.137443382,0.103414699,2.856117212,16.21617223,7577,191,192,1.005235602,48.52043048,49.00441838,14.63409273,2864.183404,2967.550498,1.036089551,1923,0.253794378
0.132288703,0.100387363,3.088173935,19.09977654,7714,191,192,1.005235602,49.32745905,51.1356969,14.55874742,2893.921096,2969.928663,1.026264561,2053,0.266139487
0.103281097,0.079471801,3.575110119,27.50985971,7815,191,192,1.005235602,47.93908914,49.94699187,8.969904586,2815.225219,2941.138309,1.044725761,2286,0.292514395
0.091118159,0.075820482,4.765004433,43.06880664,7457,191,192,1.005235602,48.8543822,52.00198415,9.145062166,2880.564908,3027.513266,1.051013729,2194,0.294220196
0.091112445,0.073769218,5.094631044,48.47406904,7668,191,192,1.005235602,49.48658225,52.04360647,7.263460403,2802.443543,3151.77305,1.124651755,2320,0.302556077
0.156291802,0.115073133,2.505822146,11.92911939,7551,191,192,1.005235602,48.14442882,52.44674255,12.40464651,2844.499767,3144.239893,1.105375339,1954,0.258773672
0.139445122,0.103356475,2.724076193,15.08429769,7581,191,192,1.005235602,50.04425798,51.54348112,9.336184626,2935.545409,3009.167303,1.02507946,2203,0.290594908
0.078364807,0.066472581,5.721225619,60.45026781,7488,191,192,1.005235602,49.37704683,51.39451766,9.110252284,2889.938377,3110.369799,1.076275475,2318,0.309561966
0.129970114,0.103059309,3.455649414,21.84960834,7558,191,192,1.005235602,49.19369068,50.2909099,64.35849642,2896.385112,3061.133691,1.056880757,2207,0.292008468
0.13823286,0.107263474,2.970600519,16.734147,7723,191,192,1.005235602,48.81152908,50.58328949,86.50197163,2982.220301,2991.602267,1.003145967,2084,0.269843325
0.08569944,0.07529921,5.678917835,55.93164866,7939,191,192,1.005235602,50.32335941,49.60163873,9.745725905,2949.887545,3003.770554,1.018266123,1997,0.251543015
0.114627146,0.09191609,3.865909396,28.37905132,7747,191,192,1.005235602,48.04756259,51.35222944,10.5663147,2866.62296,2979.053619,1.039220595,1959,0.25287208
0.15364631,0.116706815,2.591833153,12.75666434,7610,191,192,1.005235602,48.46395216,50.67574071,9.629335106,2954.563326,2993.274839,1.013102279,1896,0.249145861
0.073874412,0.067894144,6.552875353,72.60405422,7719,191,192,1.005235602,48.11457955,48.84349698,12.8013036,2879.984493,2891.745261,1.004083622,1892,0.24510947
0.107352412,0.093175292,4.573181114,35.65653149,7779,191,192,1.005235602,48.91381257,49.04666508,21.67432653,2921.760437,2902.843644,1.006516642,2302,0.295924926
0.184927635,0.136621186,2.181357086,8.392796865,7507,191,192,1.005235602,47.79796378,47.16654635,9.5735043,2939.939205,2813.772453,1.044839003,1980,0.26375383
0.077848788,0.081878389,6.594274238,63.49357952,7794,191,192,1.005235602,48.60784908,46.29131525,120.2709436,2971.015728,2707.12524,1.09747997,2181,0.279830639
0.05885496,0.063815649,8.173112522,100.4169502,7416,191,192,1.005235602,50.02791373,46.93082983,20.87002033,2979.559619,2702.982381,1.102322989,2199,0.296521036
0.106610133,0.092826692,4.608684445,35.70864767,7559,191,192,1.005235602,49.51768754,48.5429717,29.87643915,3073.046673,2793.959769,1.099889378,2223,0.294086519
0.110876702,0.092380485,4.276982558,32.1672812,7782,191,192,1.005235602,51.36592622,48.56530581,19.91851338,3062.933462,2798.825931,1.094363686,1948,0.250321254
0.088082584,0.077209593,5.608296938,53.50499076,7729,191,192,1.005235602,49.56743426,46.87953278,16.80833988,3003.127152,2846.406126,1.055059264,1957,0.253202225
0.13675878,0.107626904,3.313563901,19.91005643,7589,191,192,1.005235602,48.54608034,46.69852239,24.84498086,2845.710015,2787.57262,1.020855921,1961,0.258400316
0.182221291,0.134997073,2.254410179,8.928513653,7695,191,192,1.005235602,48.95277676,51.85727059,120.9091129,2969.887878,2949.060521,1.00706237,1986,0.258089669
0.092523875,0.078617666,5.043217019,45.83147842,7598,191,192,1.005235602,48.77748985,48.70076245,23.03650091,2933.049614,2843.018505,1.031667437,2038,0.268228481
0.094329727,0.080574794,4.952167723,43.7335127,7431,191,192,1.005235602,48.15316978,46.31711528,21.81521008,2925.779269,2775.469784,1.054156412,1984,0.266989638
0.094517254,0.081165356,5.171566795,46.78132818,7936,191,192,1.005235602,48.65788329,45.45183703,19.37928622,2891.452929,2704.501882,1.069125871,1976,0.248991935
0.093533264,0.078106356,5.004478518,45.6231409,7876,191,192,1.005235602,47.0648629,48.35749039,16.67692859,2745.486753,2824.383382,1.028736846,1866,0.236922296
0.117450324,0.096768331,4.041090217,28.71118267,7618,191,192,1.005235602,47.80103928,48.2290225,22.37507318,2809.469063,2844.831831,1.012586993,1860,0.244158572
0.084950917,0.077626936,5.723345288,54.40441643,7751,191,192,1.005235602,46.79049981,48.46443029,15.76978164,2779.523391,2864.27144,1.030490137,2254,0.290801187
0.050682909,0.062758444,10.10499325,132.9316981,7807,191,192,1.005235602,48.69728044,48.57120794,9.881575099,2795.077776,2881.114527,1.030781523,1942,0.248751121
0.089749166,0.084579062,5.898019062,54.22029399,7425,191,192,1.005235602,46.62443975,49.37339444,11.69477072,2775.233165,2966.872638,1.069053468,2163,0.291313131
0.067494878,0.068047061,7.921306705,93.49115347,8196,191,192,1.005235602,49.19200737,51.40277931,14.52939164,3004.558643,3023.308257,1.006240389,2077,0.253416301
0.057364688,0.059174631,8.469736836,111.1358974,7868,191,192,1.005235602,48.03003103,47.97800327,21.21173393,2843.707967,2928.995106,1.029991525,1978,0.251398068
0.089394007,0.078723791,5.481383786,51.61671499,7505,191,192,1.005235602,49.05796105,52.83438388,18.83996317,2918.440581,3128.235312,1.071885901,2209,0.294337109
0.049636692,0.052825415,10.03312543,150.7106494,7904,191,192,1.005235602,47.95591927,50.84285612,20.72149796,2855.555294,3043.700643,1.065887482,1959,0.24784919
0.066636611,0.063122553,7.342121936,89.80562912,8200,191,192,1.005235602,47.3825482,49.7566178,24.28523887,2873.950952,3072.821298,1.069197543,2366,0.288536585
0.074205442,0.067606292,6.108671047,65.36807635,8024,191,192,1.005235602,49.46669726,50.15570831,17.96372319,2920.386575,2969.829071,1.01693012,2128,0.265204387
0.071820816,0.066697342,6.707183152,76.12604838,8041,191,192,1.005235602,50.76728931,50.39199223,5.264267016,2973.587602,2966.211005,1.002486875,2026,0.251958712
0.081488537,0.074705292,5.994449636,60.43524555,7581,191,192,1.005235602,47.46440453,49.28079882,8.066457463,2849.475638,2923.827765,1.026093266,2476,0.326605989
0.085080768,0.077052234,5.535481149,52.03725598,7767,191,192,1.005235602,48.89637606,48.53708964,21.26799048,2995.966394,2900.006179,1.033089659,2419,0.311445861
0.107029001,0.090536066,4.502935828,35.13047116,7521,191,192,1.005235602,48.85360995,44.54914261,2.555234175,2979.26178,2698.430788,1.104071964,2272,0.302087488
0.037896221,0.050296104,11.15334944,175.6775314,7875,191,192,1.005235602,47.85466704,45.67672649,13.1539302,2939.842965,2809.521144,1.046385777,2798,0.355301587
0.07524023,0.079572441,6.689575851,65.30169674,7623,191,192,1.005235602,50.57309138,40.73204471,7.371841444,3161.438375,2625.319155,1.204211065,1959,0.256985439
0.057114722,0.066128033,8.752836521,106.6101569,8363,191,192,1.005235602,50.24027465,48.01268297,9.91946216,3150.793521,2868.599611,1.098373405,1905,0.227789071
0.167549168,0.120799463,2.185846198,9.274904126,7668,191,192,1.005235602,51.25858454,50.12761619,55.46949507,3065.575928,2917.358069,1.050805508,1932,0.251956182
0.172430915,0.123363382,2.189608336,9.141460329,7501,191,192,1.005235602,48.67094599,47.65160117,12.59808297,2941.635253,2874.896547,1.023214298,2029,0.270497267
0.146281833,0.107787636,2.563111236,13.20838213,7640,191,192,1.005235602,49.36806487,47.70493209,13.73038876,2908.114869,2889.770683,1.006347973,2178,0.285078534
0.139666091,0.105971935,3.02452476,17.61209491,7764,191,192,1.005235602,48.67203615,49.27150639,13.63482521,2922.708706,2977.946789,1.01889962,1905,0.245363215
0.146003188,0.1072063,2.659490289,14.24522256,7579,191,192,1.005235602,49.46985781,51.69546323,12.63271722,2888.312918,3027.064646,1.048039022,2079,0.274310595
0.12556671,0.096104422,3.121477075,19.8365511,7433,191,192,1.005235602,48.52467061,49.7462772,11.78672181,2799.691622,2928.531198,1.046019203,1895,0.254944168
0.120896619,0.094568435,3.830220607,27.47638319,7632,191,192,1.005235602,48.29953537,51.51685661,60.93602715,2903.659093,3097.916666,1.066900957,2192,0.28721174
0.073386015,0.064414777,6.762985493,78.69008807,7470,191,192,1.005235602,49.10414511,53.10950897,6.014440376,2839.780705,3145.108209,1.107517987,2346,0.314056225
0.074064267,0.06852625,7.183036564,83.22112218,7503,191,192,1.005235602,47.60606003,51.43926191,5.07801322,2825.530721,3064.483316,1.084569102,2291,0.305344529
0.065911265,0.069204661,8.126503186,96.6023902,7615,191,192,1.005235602,46.58771142,50.90633049,4.025528691,2806.126192,3034.211649,1.081281254,1902,0.24977019
0.064556876,0.064420641,8.241185689,101.8945076,8096,191,192,1.005235602,50.05299995,51.86877238,119.8998638,2917.470377,3056.714509,1.047727693,1955,0.241477273
0.075908958,0.068265967,6.615039022,72.86975874,7442,191,192,1.005235602,51.08917694,52.24813441,123.7938845,2964.133073,3048.055108,1.028312506,2243,0.301397474
0.175061804,0.126706599,2.251311106,9.448160484,7601,191,192,1.005235602,48.60112587,52.4601493,119.7114492,2833.354162,3055.475256,1.078395104,1911,0.251414288
0.137767851,0.101555536,2.79825093,16.18210297,7620,191,192,1.005235602,50.09136788,51.84923176,12.78016939,2880.755667,3115.954742,1.081644923,1978,0.259580052
0.128713087,0.096694866,3.131435345,19.87676007,7431,191,192,1.005235602,48.70743654,52.28566849,7.268092579,2865.331613,3114.367014,1.086913291,2007,0.27008478
0.102707402,0.082272947,4.145605041,33.38368202,7509,191,192,1.005235602,49.19505179,51.87324712,6.370622574,2943.395629,3123.506015,1.061191362,2139,0.28485817
0.108218404,0.086571582,4.043333686,31.24543055,7460,191,192,1.005235602,49.26674296,48.62806697,9.82367369,2949.668454,2935.641249,1.004778242,2025,0.271447721
0.14707057,0.113262139,2.87942026,15.25741706,7629,191,192,1.005235602,49.10055275,49.38148268,14.73012091,2949.075239,2977.363921,1.009592391,2179,0.285620658
0.10711324,0.089163928,4.189477771,32.38919222,7834,191,192,1.005235602,48.62838542,51.73077876,12.05677392,2974.380832,3025.798897,1.017286981,2283,0.291422007
0.106013792,0.088919925,4.245240347,33.15350863,7710,191,192,1.005235602,48.49304407,49.13599579,6.162762924,2968.190895,2964.138508,1.001367138,2304,0.298832685
0.079133966,0.075340813,6.393715917,64.45305671,7671,191,192,1.005235602,48.19254048,48.91557426,23.72348197,2940.937596,2893.463154,1.016407481,2412,0.314430974
0.111610938,0.094191301,4.324089977,32.49219265,7609,191,192,1.005235602,50.62984899,49.71426368,22.80693148,2989.249327,2873.565918,1.040257788,2076,0.272834801
0.029983237,0.065222435,11.36792466,147.6050384,9533,191,192,1.005235602,44.31779239,42.33789027,117.7143232,2839.745181,2704.036369,1.050187495,3199,0.335571174
0.053582389,0.067093073,9.405677798,115.7343077,7800,191,192,1.005235602,48.20837052,46.36924907,118.9591169,2821.71663,2707.413086,1.042218731,2020,0.258974359
0.077334252,0.080419118,6.723831151,65.66140705,7570,191,192,1.005235602,49.66784462,46.86377333,120.3095877,3059.180646,2834.390313,1.079308178,2077,0.274372523
0.058777177,0.059658028,8.461937148,110.0586057,8040,191,192,1.005235602,51.11553788,46.51981062,20.40741928,3031.027888,2749.617305,1.102345364,2324,0.289054726
0.100075879,0.086517363,4.758969236,39.2460897,7428,191,192,1.005235602,50.9529742,48.25958695,19.94766998,3054.007028,2782.977744,1.097388233,1935,0.260500808
0.177064178,0.13076933,2.280560696,9.29442719,7441,191,192,1.005235602,50.88516671,49.19300113,33.68674308,3017.682185,2876.360553,1.049132099,2052,0.275769386
0.112443276,0.091708446,4.226820174,32.34446265,7732,191,192,1.005235602,49.52397404,48.40185117,17.4201722,2962.082619,2804.933256,1.056026062,1930,0.249612002
0.115809353,0.095874816,4.07511634,29.65282295,7464,191,192,1.005235602,49.02601709,47.68805156,22.76167695,2980.145379,2838.510847,1.049897478,2063,0.276393355
0.126564035,0.102374048,3.563610278,22.82889563,7808,191,192,1.005235602,49.04032103,49.22828211,22.76738038,2923.636505,2923.194272,1.000151284,1866,0.238985656
0.071971833,0.06708143,6.668731875,74.15443628,8060,191,192,1.005235602,49.01242605,48.38548059,8.815179344,2926.327703,2855.120282,1.024940253,2075,0.257444169
0.096165422,0.081297725,5.048851169,44.61959934,7478,191,192,1.005235602,48.31181369,46.7021524,19.30368185,2912.727104,2786.387409,1.045341755,2196,0.293661407
0.090851684,0.079043007,5.137621445,46.76193603,7957,191,192,1.005235602,49.10159913,46.53920782,17.90046638,2908.817575,2786.561712,1.043873374,2194,0.27573206
0.080920769,0.07300569,6.077932169,62.64325364,7495,191,192,1.005235602,46.91940194,48.90948626,24.05040569,2773.703069,2780.686692,1.002517797,2314,0.308739159
0.063451713,0.061121703,7.353675208,88.3982685,8146,191,192,1.005235602,47.99392179,48.63802498,15.31797637,2846.606703,2890.143448,1.015294261,2595,0.318561257